#x,y,z,u,v,w,exx,eyy,exy,sigma
0.0625,-1.1875,0.00,0.00,0.00,0.00,0.00,0.00,0.00,0.00
0.0625,-1.0625,0.00,0.00,0.00,0.00,0.00,0.00,0.00,0.00
0.0625,-0.9375,0.00,0.00,0.00,0.00,0.00,0.00,0.00,0.00
0.0625,-0.8125,0.00,0.00,0.00,0.00,0.00,0.00,0.00,0.00
0.0625,-0.6875,0.00,0.00,0.00,0.00,0.00,0.00,0.00,0.00
0.0625,-0.5625,0.00,0.00,0.00,0.00,0.00,0.00,0.00,0.00
0.0625,-0.4375,0.00,0.00,0.00,0.00,0.00,0.00,0.00,0.00
0.0625,-0.3125,0.00,0.00,0.00,0.00,0.00,0.00,0.00,0.00
0.0625,-0.1875,0.00,0.00,0.00,0.00,0.00,0.00,0.00,0.00
0.0625,-0.0625,0.00,0.00,0.00,0.00,0.00,0.00,0.00,0.00
0.0625,0.0625,0.00,0.0373125,0.000625,0.00,0.00,0.00,0.00,0.00
0.0625,0.1875,0.00,0.0373125,0.001875,0.00,0.00,0.00,0.00,0.00
0.0625,0.3125,0.00,0.0373125,0.003125,0.00,0.00,0.00,0.00,0.00
0.0625,0.4375,0.00,0.0373125,0.004375,0.00,0.00,0.00,0.00,0.00
0.0625,0.5625,0.00,0.0373125,0.005625,0.00,0.00,0.00,0.00,0.00
0.0625,0.6875,0.00,0.0373125,0.006875,0.00,0.00,0.00,0.00,0.00
0.0625,0.8125,0.00,0.0373125,0.008125,0.00,0.00,0.00,0.00,0.00
0.0625,0.9375,0.00,0.0373125,0.009375,0.00,0.00,0.00,0.00,0.00
0.0625,1.0625,0.00,0.0373125,0.010625,0.00,0.00,0.00,0.00,0.00
0.0625,1.1875,0.00,0.0373125,0.011875,0.00,0.00,0.00,0.00,0.00
0.0625,1.3125,0.00,0.0373125,0.013125,0.00,0.00,0.00,0.00,0.00
0.0625,1.4375,0.00,0.0373125,0.014375,0.00,0.00,0.00,0.00,0.00
0.0625,1.5625,0.00,0.0373125,0.015625,0.00,0.00,0.00,0.00,0.00
0.0625,1.6875,0.00,0.0373125,0.016875,0.00,0.00,0.00,0.00,0.00
0.0625,1.8125,0.00,0.0373125,0.018125,0.00,0.00,0.00,0.00,0.00
0.0625,1.9375,0.00,0.0373125,0.019375,0.00,0.00,0.00,0.00,0.00
0.0625,2.0625,0.00,0.0373125,0.020625,0.00,0.00,0.00,0.00,0.00
0.0625,2.1875,0.00,0.0373125,0.021875,0.00,0.00,0.00,0.00,0.00
0.0625,2.3125,0.00,0.0373125,0.023125,0.00,0.00,0.00,0.00,0.00
0.0625,2.4375,0.00,0.0373125,0.024375,0.00,0.00,0.00,0.00,0.00
0.0625,2.5625,0.00,0.0373125,0.025625,0.00,0.00,0.00,0.00,0.00
0.0625,2.6875,0.00,0.0373125,0.026875,0.00,0.00,0.00,0.00,0.00
0.0625,2.8125,0.00,0.0373125,0.028125,0.00,0.00,0.00,0.00,0.00
0.0625,2.9375,0.00,0.0373125,0.029375,0.00,0.00,0.00,0.00,0.00
0.0625,3.0625,0.00,0.0373125,0.030625,0.00,0.00,0.00,0.00,0.00
0.0625,3.1875,0.00,0.0373125,0.031875,0.00,0.00,0.00,0.00,0.00
0.0625,3.3125,0.00,0.0373125,0.033125,0.00,0.00,0.00,0.00,0.00
0.0625,3.4375,0.00,0.0373125,0.034375,0.00,0.00,0.00,0.00,0.00
0.0625,3.5625,0.00,0.0373125,0.035625,0.00,0.00,0.00,0.00,0.00
0.0625,3.6875,0.00,0.0373125,0.036875,0.00,0.00,0.00,0.00,0.00
0.0625,3.8125,0.00,0.0373125,0.038125,0.00,0.00,0.00,0.00,0.00
0.0625,3.9375,0.00,0.0373125,0.039375,0.00,0.00,0.00,0.00,0.00
0.0625,4.0625,0.00,0.0373125,0.040625,0.00,0.00,0.00,0.00,0.00
0.0625,4.1875,0.00,0.0373125,0.041875,0.00,0.00,0.00,0.00,0.00
0.0625,4.3125,0.00,0.0373125,0.043125,0.00,0.00,0.00,0.00,0.00
0.0625,4.4375,0.00,0.0373125,0.044375,0.00,0.00,0.00,0.00,0.00
0.0625,4.5625,0.00,0.0373125,0.045625,0.00,0.00,0.00,0.00,0.00
0.0625,4.6875,0.00,0.0373125,0.046875,0.00,0.00,0.00,0.00,0.00
0.0625,4.8125,0.00,0.0373125,0.048125,0.00,0.00,0.00,0.00,0.00
0.0625,4.9375,0.00,0.0373125,0.049375,0.00,0.00,0.00,0.00,0.00
0.0625,5.0625,0.00,0.0373125,0.050625,0.00,0.00,0.00,0.00,0.00
0.0625,5.1875,0.00,0.0373125,0.051875,0.00,0.00,0.00,0.00,0.00
0.0625,5.3125,0.00,0.0373125,0.053125,0.00,0.00,0.00,0.00,0.00
0.0625,5.4375,0.00,0.0373125,0.054375,0.00,0.00,0.00,0.00,0.00
0.0625,5.5625,0.00,0.0373125,0.055625,0.00,0.00,0.00,0.00,0.00
0.0625,5.6875,0.00,0.0373125,0.056875,0.00,0.00,0.00,0.00,0.00
0.0625,5.8125,0.00,0.0373125,0.058125,0.00,0.00,0.00,0.00,0.00
0.0625,5.9375,0.00,0.0373125,0.059375,0.00,0.00,0.00,0.00,0.00
0.0625,6.0625,0.00,0.0373125,0.060625,0.00,0.00,0.00,0.00,0.00
0.0625,6.1875,0.00,0.0373125,0.061875,0.00,0.00,0.00,0.00,0.00
0.0625,6.3125,0.00,0.0373125,0.063125,0.00,0.00,0.00,0.00,0.00
0.0625,6.4375,0.00,0.0373125,0.064375,0.00,0.00,0.00,0.00,0.00
0.0625,6.5625,0.00,0.0373125,0.065625,0.00,0.00,0.00,0.00,0.00
0.0625,6.6875,0.00,0.0373125,0.066875,0.00,0.00,0.00,0.00,0.00
0.0625,6.8125,0.00,0.0373125,0.068125,0.00,0.00,0.00,0.00,0.00
0.0625,6.9375,0.00,0.0373125,0.069375,0.00,0.00,0.00,0.00,0.00
0.0625,7.0625,0.00,0.0373125,0.070625,0.00,0.00,0.00,0.00,0.00
0.0625,7.1875,0.00,0.0373125,0.071875,0.00,0.00,0.00,0.00,0.00
0.0625,7.3125,0.00,0.0373125,0.073125,0.00,0.00,0.00,0.00,0.00
0.0625,7.4375,0.00,0.0373125,0.074375,0.00,0.00,0.00,0.00,0.00
0.0625,7.5625,0.00,0.0373125,0.075625,0.00,0.00,0.00,0.00,0.00
0.0625,7.6875,0.00,0.0373125,0.076875,0.00,0.00,0.00,0.00,0.00
0.0625,7.8125,0.00,0.0373125,0.078125,0.00,0.00,0.00,0.00,0.00
0.0625,7.9375,0.00,0.0373125,0.079375,0.00,0.00,0.00,0.00,0.00
0.0625,8.0625,0.00,0.0373125,0.080625,0.00,0.00,0.00,0.00,0.00
0.0625,8.1875,0.00,0.0373125,0.081875,0.00,0.00,0.00,0.00,0.00
0.0625,8.3125,0.00,0.0373125,0.083125,0.00,0.00,0.00,0.00,0.00
0.0625,8.4375,0.00,0.0373125,0.084375,0.00,0.00,0.00,0.00,0.00
0.0625,8.5625,0.00,0.0373125,0.085625,0.00,0.00,0.00,0.00,0.00
0.0625,8.6875,0.00,0.0373125,0.086875,0.00,0.00,0.00,0.00,0.00
0.0625,8.8125,0.00,0.0373125,0.088125,0.00,0.00,0.00,0.00,0.00
0.0625,8.9375,0.00,0.0373125,0.089375,0.00,0.00,0.00,0.00,0.00
0.0625,9.0625,0.00,0.0373125,0.090625,0.00,0.00,0.00,0.00,0.00
0.0625,9.1875,0.00,0.0373125,0.091875,0.00,0.00,0.00,0.00,0.00
0.0625,9.3125,0.00,0.0373125,0.093125,0.00,0.00,0.00,0.00,0.00
0.0625,9.4375,0.00,0.0373125,0.094375,0.00,0.00,0.00,0.00,0.00
0.0625,9.5625,0.00,0.0373125,0.095625,0.00,0.00,0.00,0.00,0.00
0.0625,9.6875,0.00,0.0373125,0.096875,0.00,0.00,0.00,0.00,0.00
0.0625,9.8125,0.00,0.0373125,0.098125,0.00,0.00,0.00,0.00,0.00
0.0625,9.9375,0.00,0.0373125,0.099375,0.00,0.00,0.00,0.00,0.00
0.0625,10.0625,0.00,0.0373125,0.100625,0.00,0.00,0.00,0.00,0.00
0.0625,10.1875,0.00,0.0373125,0.101875,0.00,0.00,0.00,0.00,0.00
0.0625,10.3125,0.00,0.0373125,0.103125,0.00,0.00,0.00,0.00,0.00
0.0625,10.4375,0.00,0.0373125,0.104375,0.00,0.00,0.00,0.00,0.00
0.0625,10.5625,0.00,0.0373125,0.105625,0.00,0.00,0.00,0.00,0.00
0.0625,10.6875,0.00,0.0373125,0.106875,0.00,0.00,0.00,0.00,0.00
0.0625,10.8125,0.00,0.0373125,0.108125,0.00,0.00,0.00,0.00,0.00
0.0625,10.9375,0.00,0.0373125,0.109375,0.00,0.00,0.00,0.00,0.00
0.0625,11.0625,0.00,0.0373125,0.110625,0.00,0.00,0.00,0.00,0.00
0.0625,11.1875,0.00,0.0373125,0.111875,0.00,0.00,0.00,0.00,0.00
0.0625,11.3125,0.00,0.0373125,0.113125,0.00,0.00,0.00,0.00,0.00
0.0625,11.4375,0.00,0.0373125,0.114375,0.00,0.00,0.00,0.00,0.00
0.0625,11.5625,0.00,0.0373125,0.115625,0.00,0.00,0.00,0.00,0.00
0.0625,11.6875,0.00,0.0373125,0.116875,0.00,0.00,0.00,0.00,0.00
0.0625,11.8125,0.00,0.0373125,0.118125,0.00,0.00,0.00,0.00,0.00
0.0625,11.9375,0.00,0.0373125,0.119375,0.00,0.00,0.00,0.00,0.00
0.0625,12.0625,0.00,0.0373125,0.120625,0.00,0.00,0.00,0.00,0.00
0.0625,12.1875,0.00,0.0373125,0.121875,0.00,0.00,0.00,0.00,0.00
0.0625,12.3125,0.00,0.0373125,0.123125,0.00,0.00,0.00,0.00,0.00
0.0625,12.4375,0.00,0.0373125,0.124375,0.00,0.00,0.00,0.00,0.00
0.0625,12.5625,0.00,0.0373125,0.125625,0.00,0.00,0.00,0.00,0.00
0.0625,12.6875,0.00,0.0373125,0.126875,0.00,0.00,0.00,0.00,0.00
0.0625,12.8125,0.00,0.0373125,0.128125,0.00,0.00,0.00,0.00,0.00
0.0625,12.9375,0.00,0.0373125,0.129375,0.00,0.00,0.00,0.00,0.00
0.0625,13.0625,0.00,0.0373125,0.130625,0.00,0.00,0.00,0.00,0.00
0.0625,13.1875,0.00,0.0373125,0.131875,0.00,0.00,0.00,0.00,0.00
0.0625,13.3125,0.00,0.0373125,0.133125,0.00,0.00,0.00,0.00,0.00
0.0625,13.4375,0.00,0.0373125,0.134375,0.00,0.00,0.00,0.00,0.00
0.0625,13.5625,0.00,0.0373125,0.135625,0.00,0.00,0.00,0.00,0.00
0.0625,13.6875,0.00,0.0373125,0.136875,0.00,0.00,0.00,0.00,0.00
0.0625,13.8125,0.00,0.0373125,0.138125,0.00,0.00,0.00,0.00,0.00
0.0625,13.9375,0.00,0.0373125,0.139375,0.00,0.00,0.00,0.00,0.00
0.0625,14.0625,0.00,0.0373125,0.140625,0.00,0.00,0.00,0.00,0.00
0.0625,14.1875,0.00,0.0373125,0.141875,0.00,0.00,0.00,0.00,0.00
0.0625,14.3125,0.00,0.0373125,0.143125,0.00,0.00,0.00,0.00,0.00
0.0625,14.4375,0.00,0.0373125,0.144375,0.00,0.00,0.00,0.00,0.00
0.0625,14.5625,0.00,0.0373125,0.145625,0.00,0.00,0.00,0.00,0.00
0.0625,14.6875,0.00,0.0373125,0.146875,0.00,0.00,0.00,0.00,0.00
0.0625,14.8125,0.00,0.0373125,0.148125,0.00,0.00,0.00,0.00,0.00
0.0625,14.9375,0.00,0.0373125,0.149375,0.00,0.00,0.00,0.00,0.00
0.0625,15.0625,0.00,0.0373125,0.150625,0.00,0.00,0.00,0.00,0.00
0.0625,15.1875,0.00,0.0373125,0.151875,0.00,0.00,0.00,0.00,0.00
0.0625,15.3125,0.00,0.0373125,0.153125,0.00,0.00,0.00,0.00,0.00
0.0625,15.4375,0.00,0.0373125,0.154375,0.00,0.00,0.00,0.00,0.00
0.0625,15.5625,0.00,0.0373125,0.155625,0.00,0.00,0.00,0.00,0.00
0.0625,15.6875,0.00,0.0373125,0.156875,0.00,0.00,0.00,0.00,0.00
0.0625,15.8125,0.00,0.0373125,0.158125,0.00,0.00,0.00,0.00,0.00
0.0625,15.9375,0.00,0.0373125,0.159375,0.00,0.00,0.00,0.00,0.00
0.0625,16.0625,0.00,0.0373125,0.160625,0.00,0.00,0.00,0.00,0.00
0.0625,16.1875,0.00,0.0373125,0.161875,0.00,0.00,0.00,0.00,0.00
0.0625,16.3125,0.00,0.0373125,0.163125,0.00,0.00,0.00,0.00,0.00
0.0625,16.4375,0.00,0.0373125,0.164375,0.00,0.00,0.00,0.00,0.00
0.0625,16.5625,0.00,0.0373125,0.165625,0.00,0.00,0.00,0.00,0.00
0.0625,16.6875,0.00,0.0373125,0.166875,0.00,0.00,0.00,0.00,0.00
0.0625,16.8125,0.00,0.0373125,0.168125,0.00,0.00,0.00,0.00,0.00
0.0625,16.9375,0.00,0.0373125,0.169375,0.00,0.00,0.00,0.00,0.00
0.0625,17.0625,0.00,0.0373125,0.170625,0.00,0.00,0.00,0.00,0.00
0.0625,17.1875,0.00,0.0373125,0.171875,0.00,0.00,0.00,0.00,0.00
0.0625,17.3125,0.00,0.0373125,0.173125,0.00,0.00,0.00,0.00,0.00
0.0625,17.4375,0.00,0.0373125,0.174375,0.00,0.00,0.00,0.00,0.00
0.0625,17.5625,0.00,0.0373125,0.175625,0.00,0.00,0.00,0.00,0.00
0.0625,17.6875,0.00,0.0373125,0.176875,0.00,0.00,0.00,0.00,0.00
0.0625,17.8125,0.00,0.0373125,0.178125,0.00,0.00,0.00,0.00,0.00
0.0625,17.9375,0.00,0.0373125,0.179375,0.00,0.00,0.00,0.00,0.00
0.0625,18.0625,0.00,0.0373125,0.180625,0.00,0.00,0.00,0.00,0.00
0.0625,18.1875,0.00,0.0373125,0.181875,0.00,0.00,0.00,0.00,0.00
0.0625,18.3125,0.00,0.0373125,0.183125,0.00,0.00,0.00,0.00,0.00
0.0625,18.4375,0.00,0.0373125,0.184375,0.00,0.00,0.00,0.00,0.00
0.0625,18.5625,0.00,0.0373125,0.185625,0.00,0.00,0.00,0.00,0.00
0.0625,18.6875,0.00,0.0373125,0.186875,0.00,0.00,0.00,0.00,0.00
0.0625,18.8125,0.00,0.0373125,0.188125,0.00,0.00,0.00,0.00,0.00
0.0625,18.9375,0.00,0.0373125,0.189375,0.00,0.00,0.00,0.00,0.00
0.0625,19.0625,0.00,0.0373125,0.190625,0.00,0.00,0.00,0.00,0.00
0.0625,19.1875,0.00,0.0373125,0.191875,0.00,0.00,0.00,0.00,0.00
0.0625,19.3125,0.00,0.0373125,0.193125,0.00,0.00,0.00,0.00,0.00
0.0625,19.4375,0.00,0.0373125,0.194375,0.00,0.00,0.00,0.00,0.00
0.0625,19.5625,0.00,0.0373125,0.195625,0.00,0.00,0.00,0.00,0.00
0.0625,19.6875,0.00,0.0373125,0.196875,0.00,0.00,0.00,0.00,0.00
0.0625,19.8125,0.00,0.0373125,0.198125,0.00,0.00,0.00,0.00,0.00
0.0625,19.9375,0.00,0.0373125,0.199375,0.00,0.00,0.00,0.00,0.00
0.0625,20.0625,0.00,0.0373125,0.200625,0.00,0.00,0.00,0.00,0.00
0.0625,20.1875,0.00,0.0373125,0.201875,0.00,0.00,0.00,0.00,0.00
0.0625,20.3125,0.00,0.0373125,0.203125,0.00,0.00,0.00,0.00,0.00
0.0625,20.4375,0.00,0.0373125,0.204375,0.00,0.00,0.00,0.00,0.00
0.0625,20.5625,0.00,0.0373125,0.205625,0.00,0.00,0.00,0.00,0.00
0.0625,20.6875,0.00,0.0373125,0.206875,0.00,0.00,0.00,0.00,0.00
0.0625,20.8125,0.00,0.0373125,0.208125,0.00,0.00,0.00,0.00,0.00
0.0625,20.9375,0.00,0.0373125,0.209375,0.00,0.00,0.00,0.00,0.00
0.0625,21.0625,0.00,0.0373125,0.210625,0.00,0.00,0.00,0.00,0.00
0.0625,21.1875,0.00,0.0373125,0.211875,0.00,0.00,0.00,0.00,0.00
0.0625,21.3125,0.00,0.0373125,0.213125,0.00,0.00,0.00,0.00,0.00
0.0625,21.4375,0.00,0.0373125,0.214375,0.00,0.00,0.00,0.00,0.00
0.0625,21.5625,0.00,0.0373125,0.215625,0.00,0.00,0.00,0.00,0.00
0.0625,21.6875,0.00,0.0373125,0.216875,0.00,0.00,0.00,0.00,0.00
0.0625,21.8125,0.00,0.0373125,0.218125,0.00,0.00,0.00,0.00,0.00
0.0625,21.9375,0.00,0.0373125,0.219375,0.00,0.00,0.00,0.00,0.00
0.0625,22.0625,0.00,0.0373125,0.220625,0.00,0.00,0.00,0.00,0.00
0.0625,22.1875,0.00,0.0373125,0.221875,0.00,0.00,0.00,0.00,0.00
0.0625,22.3125,0.00,0.0373125,0.223125,0.00,0.00,0.00,0.00,0.00
0.0625,22.4375,0.00,0.0373125,0.224375,0.00,0.00,0.00,0.00,0.00
0.0625,22.5625,0.00,0.0373125,0.225625,0.00,0.00,0.00,0.00,0.00
0.0625,22.6875,0.00,0.0373125,0.226875,0.00,0.00,0.00,0.00,0.00
0.0625,22.8125,0.00,0.0373125,0.228125,0.00,0.00,0.00,0.00,0.00
0.0625,22.9375,0.00,0.0373125,0.229375,0.00,0.00,0.00,0.00,0.00
0.0625,23.0625,0.00,0.0373125,0.230625,0.00,0.00,0.00,0.00,0.00
0.0625,23.1875,0.00,0.0373125,0.231875,0.00,0.00,0.00,0.00,0.00
0.0625,23.3125,0.00,0.0373125,0.233125,0.00,0.00,0.00,0.00,0.00
0.0625,23.4375,0.00,0.0373125,0.234375,0.00,0.00,0.00,0.00,0.00
0.0625,23.5625,0.00,0.0373125,0.235625,0.00,0.00,0.00,0.00,0.00
0.0625,23.6875,0.00,0.0373125,0.236875,0.00,0.00,0.00,0.00,0.00
0.0625,23.8125,0.00,0.0373125,0.238125,0.00,0.00,0.00,0.00,0.00
0.0625,23.9375,0.00,0.0373125,0.239375,0.00,0.00,0.00,0.00,0.00
0.0625,24.0625,0.00,0.0373125,0.240625,0.00,0.00,0.00,0.00,0.00
0.0625,24.1875,0.00,0.0373125,0.241875,0.00,0.00,0.00,0.00,0.00
0.0625,24.3125,0.00,0.0373125,0.243125,0.00,0.00,0.00,0.00,0.00
0.0625,24.4375,0.00,0.0373125,0.244375,0.00,0.00,0.00,0.00,0.00
0.0625,24.5625,0.00,0.0373125,0.245625,0.00,0.00,0.00,0.00,0.00
0.0625,24.6875,0.00,0.0373125,0.246875,0.00,0.00,0.00,0.00,0.00
0.0625,24.8125,0.00,0.0373125,0.248125,0.00,0.00,0.00,0.00,0.00
0.0625,24.9375,0.00,0.0373125,0.249375,0.00,0.00,0.00,0.00,0.00
0.0625,25.0625,0.00,0.0373125,0.250625,0.00,0.00,0.00,0.00,0.00
0.0625,25.1875,0.00,0.0373125,0.251875,0.00,0.00,0.00,0.00,0.00
0.0625,25.3125,0.00,0.0373125,0.253125,0.00,0.00,0.00,0.00,0.00
0.0625,25.4375,0.00,0.0373125,0.254375,0.00,0.00,0.00,0.00,0.00
0.0625,25.5625,0.00,0.0373125,0.255625,0.00,0.00,0.00,0.00,0.00
0.0625,25.6875,0.00,0.0373125,0.256875,0.00,0.00,0.00,0.00,0.00
0.0625,25.8125,0.00,0.0373125,0.258125,0.00,0.00,0.00,0.00,0.00
0.0625,25.9375,0.00,0.0373125,0.259375,0.00,0.00,0.00,0.00,0.00
0.0625,26.0625,0.00,0.0373125,0.260625,0.00,0.00,0.00,0.00,0.00
0.0625,26.1875,0.00,0.0373125,0.261875,0.00,0.00,0.00,0.00,0.00
0.0625,26.3125,0.00,0.0373125,0.263125,0.00,0.00,0.00,0.00,0.00
0.0625,26.4375,0.00,0.0373125,0.264375,0.00,0.00,0.00,0.00,0.00
0.0625,26.5625,0.00,0.0373125,0.265625,0.00,0.00,0.00,0.00,0.00
0.0625,26.6875,0.00,0.0373125,0.266875,0.00,0.00,0.00,0.00,0.00
0.0625,26.8125,0.00,0.0373125,0.268125,0.00,0.00,0.00,0.00,0.00
0.0625,26.9375,0.00,0.0373125,0.269375,0.00,0.00,0.00,0.00,0.00
0.0625,27.0625,0.00,0.0373125,0.270625,0.00,0.00,0.00,0.00,0.00
0.0625,27.1875,0.00,0.0373125,0.271875,0.00,0.00,0.00,0.00,0.00
0.0625,27.3125,0.00,0.0373125,0.273125,0.00,0.00,0.00,0.00,0.00
0.0625,27.4375,0.00,0.0373125,0.274375,0.00,0.00,0.00,0.00,0.00
0.0625,27.5625,0.00,0.0373125,0.275625,0.00,0.00,0.00,0.00,0.00
0.0625,27.6875,0.00,0.0373125,0.276875,0.00,0.00,0.00,0.00,0.00
0.0625,27.8125,0.00,0.0373125,0.278125,0.00,0.00,0.00,0.00,0.00
0.0625,27.9375,0.00,0.0373125,0.279375,0.00,0.00,0.00,0.00,0.00
0.0625,28.0625,0.00,0.0373125,0.280625,0.00,0.00,0.00,0.00,0.00
0.0625,28.1875,0.00,0.0373125,0.281875,0.00,0.00,0.00,0.00,0.00
0.0625,28.3125,0.00,0.0373125,0.283125,0.00,0.00,0.00,0.00,0.00
0.0625,28.4375,0.00,0.0373125,0.284375,0.00,0.00,0.00,0.00,0.00
0.0625,28.5625,0.00,0.0373125,0.285625,0.00,0.00,0.00,0.00,0.00
0.0625,28.6875,0.00,0.0373125,0.286875,0.00,0.00,0.00,0.00,0.00
0.0625,28.8125,0.00,0.0373125,0.288125,0.00,0.00,0.00,0.00,0.00
0.0625,28.9375,0.00,0.0373125,0.289375,0.00,0.00,0.00,0.00,0.00
0.0625,29.0625,0.00,0.0373125,0.290625,0.00,0.00,0.00,0.00,0.00
0.0625,29.1875,0.00,0.0373125,0.291875,0.00,0.00,0.00,0.00,0.00
0.0625,29.3125,0.00,0.0373125,0.293125,0.00,0.00,0.00,0.00,0.00
0.0625,29.4375,0.00,0.0373125,0.294375,0.00,0.00,0.00,0.00,0.00
0.0625,29.5625,0.00,0.0373125,0.295625,0.00,0.00,0.00,0.00,0.00
0.0625,29.6875,0.00,0.0373125,0.296875,0.00,0.00,0.00,0.00,0.00
0.0625,29.8125,0.00,0.0373125,0.298125,0.00,0.00,0.00,0.00,0.00
0.0625,29.9375,0.00,0.0373125,0.299375,0.00,0.00,0.00,0.00,0.00
0.0625,30.0625,0.00,0.0373125,0.300625,0.00,0.00,0.00,0.00,0.00
0.0625,30.1875,0.00,0.0373125,0.301875,0.00,0.00,0.00,0.00,0.00
0.0625,30.3125,0.00,0.0373125,0.303125,0.00,0.00,0.00,0.00,0.00
0.0625,30.4375,0.00,0.0373125,0.304375,0.00,0.00,0.00,0.00,0.00
0.0625,30.5625,0.00,0.0373125,0.305625,0.00,0.00,0.00,0.00,0.00
0.0625,30.6875,0.00,0.0373125,0.306875,0.00,0.00,0.00,0.00,0.00
0.0625,30.8125,0.00,0.0373125,0.308125,0.00,0.00,0.00,0.00,0.00
0.0625,30.9375,0.00,0.0373125,0.309375,0.00,0.00,0.00,0.00,0.00
0.0625,31.0625,0.00,0.0373125,0.310625,0.00,0.00,0.00,0.00,0.00
0.0625,31.1875,0.00,0.0373125,0.311875,0.00,0.00,0.00,0.00,0.00
0.0625,31.3125,0.00,0.0373125,0.313125,0.00,0.00,0.00,0.00,0.00
0.0625,31.4375,0.00,0.0373125,0.314375,0.00,0.00,0.00,0.00,0.00
0.0625,31.5625,0.00,0.0373125,0.315625,0.00,0.00,0.00,0.00,0.00
0.0625,31.6875,0.00,0.0373125,0.316875,0.00,0.00,0.00,0.00,0.00
0.0625,31.8125,0.00,0.0373125,0.318125,0.00,0.00,0.00,0.00,0.00
0.0625,31.9375,0.00,0.0373125,0.319375,0.00,0.00,0.00,0.00,0.00
0.0625,32.0625,0.00,0.0373125,0.320625,0.00,0.00,0.00,0.00,0.00
0.0625,32.1875,0.00,0.0373125,0.321875,0.00,0.00,0.00,0.00,0.00
0.0625,32.3125,0.00,0.0373125,0.323125,0.00,0.00,0.00,0.00,0.00
0.0625,32.4375,0.00,0.0373125,0.324375,0.00,0.00,0.00,0.00,0.00
0.0625,32.5625,0.00,0.0373125,0.325625,0.00,0.00,0.00,0.00,0.00
0.0625,32.6875,0.00,0.0373125,0.326875,0.00,0.00,0.00,0.00,0.00
0.0625,32.8125,0.00,0.0373125,0.328125,0.00,0.00,0.00,0.00,0.00
0.0625,32.9375,0.00,0.0373125,0.329375,0.00,0.00,0.00,0.00,0.00
0.0625,33.0625,0.00,0.0373125,0.330625,0.00,0.00,0.00,0.00,0.00
0.0625,33.1875,0.00,0.0373125,0.331875,0.00,0.00,0.00,0.00,0.00
0.0625,33.3125,0.00,0.0373125,0.333125,0.00,0.00,0.00,0.00,0.00
0.0625,33.4375,0.00,0.0373125,0.334375,0.00,0.00,0.00,0.00,0.00
0.0625,33.5625,0.00,0.0373125,0.335625,0.00,0.00,0.00,0.00,0.00
0.0625,33.6875,0.00,0.0373125,0.336875,0.00,0.00,0.00,0.00,0.00
0.0625,33.8125,0.00,0.0373125,0.338125,0.00,0.00,0.00,0.00,0.00
0.0625,33.9375,0.00,0.0373125,0.339375,0.00,0.00,0.00,0.00,0.00
0.0625,34.0625,0.00,0.0373125,0.340625,0.00,0.00,0.00,0.00,0.00
0.0625,34.1875,0.00,0.0373125,0.341875,0.00,0.00,0.00,0.00,0.00
0.0625,34.3125,0.00,0.0373125,0.343125,0.00,0.00,0.00,0.00,0.00
0.0625,34.4375,0.00,0.0373125,0.344375,0.00,0.00,0.00,0.00,0.00
0.0625,34.5625,0.00,0.0373125,0.345625,0.00,0.00,0.00,0.00,0.00
0.0625,34.6875,0.00,0.0373125,0.346875,0.00,0.00,0.00,0.00,0.00
0.0625,34.8125,0.00,0.0373125,0.348125,0.00,0.00,0.00,0.00,0.00
0.0625,34.9375,0.00,0.0373125,0.349375,0.00,0.00,0.00,0.00,0.00
0.0625,35.0625,0.00,0.0373125,0.350625,0.00,0.00,0.00,0.00,0.00
0.0625,35.1875,0.00,0.0373125,0.351875,0.00,0.00,0.00,0.00,0.00
0.0625,35.3125,0.00,0.0373125,0.353125,0.00,0.00,0.00,0.00,0.00
0.0625,35.4375,0.00,0.0373125,0.354375,0.00,0.00,0.00,0.00,0.00
0.0625,35.5625,0.00,0.0373125,0.355625,0.00,0.00,0.00,0.00,0.00
0.0625,35.6875,0.00,0.0373125,0.356875,0.00,0.00,0.00,0.00,0.00
0.0625,35.8125,0.00,0.0373125,0.358125,0.00,0.00,0.00,0.00,0.00
0.0625,35.9375,0.00,0.0373125,0.359375,0.00,0.00,0.00,0.00,0.00
0.0625,36.0625,0.00,0.0373125,0.360625,0.00,0.00,0.00,0.00,0.00
0.0625,36.1875,0.00,0.0373125,0.361875,0.00,0.00,0.00,0.00,0.00
0.0625,36.3125,0.00,0.0373125,0.363125,0.00,0.00,0.00,0.00,0.00
0.0625,36.4375,0.00,0.0373125,0.364375,0.00,0.00,0.00,0.00,0.00
0.0625,36.5625,0.00,0.0373125,0.365625,0.00,0.00,0.00,0.00,0.00
0.0625,36.6875,0.00,0.0373125,0.366875,0.00,0.00,0.00,0.00,0.00
0.0625,36.8125,0.00,0.0373125,0.368125,0.00,0.00,0.00,0.00,0.00
0.0625,36.9375,0.00,0.0373125,0.369375,0.00,0.00,0.00,0.00,0.00
0.0625,37.0625,0.00,0.0373125,0.370625,0.00,0.00,0.00,0.00,0.00
0.0625,37.1875,0.00,0.0373125,0.371875,0.00,0.00,0.00,0.00,0.00
0.0625,37.3125,0.00,0.0373125,0.373125,0.00,0.00,0.00,0.00,0.00
0.0625,37.4375,0.00,0.0373125,0.374375,0.00,0.00,0.00,0.00,0.00
0.0625,37.5625,0.00,0.0373125,0.375625,0.00,0.00,0.00,0.00,0.00
0.0625,37.6875,0.00,0.0373125,0.376875,0.00,0.00,0.00,0.00,0.00
0.0625,37.8125,0.00,0.0373125,0.378125,0.00,0.00,0.00,0.00,0.00
0.0625,37.9375,0.00,0.0373125,0.379375,0.00,0.00,0.00,0.00,0.00
0.0625,38.0625,0.00,0.0373125,0.380625,0.00,0.00,0.00,0.00,0.00
0.0625,38.1875,0.00,0.0373125,0.381875,0.00,0.00,0.00,0.00,0.00
0.0625,38.3125,0.00,0.0373125,0.383125,0.00,0.00,0.00,0.00,0.00
0.0625,38.4375,0.00,0.0373125,0.384375,0.00,0.00,0.00,0.00,0.00
0.0625,38.5625,0.00,0.0373125,0.385625,0.00,0.00,0.00,0.00,0.00
0.0625,38.6875,0.00,0.0373125,0.386875,0.00,0.00,0.00,0.00,0.00
0.0625,38.8125,0.00,0.0373125,0.388125,0.00,0.00,0.00,0.00,0.00
0.0625,38.9375,0.00,0.0373125,0.389375,0.00,0.00,0.00,0.00,0.00
0.0625,39.0625,0.00,0.0373125,0.390625,0.00,0.00,0.00,0.00,0.00
0.0625,39.1875,0.00,0.0373125,0.391875,0.00,0.00,0.00,0.00,0.00
0.0625,39.3125,0.00,0.0373125,0.393125,0.00,0.00,0.00,0.00,0.00
0.0625,39.4375,0.00,0.0373125,0.394375,0.00,0.00,0.00,0.00,0.00
0.0625,39.5625,0.00,0.0373125,0.395625,0.00,0.00,0.00,0.00,0.00
0.0625,39.6875,0.00,0.0373125,0.396875,0.00,0.00,0.00,0.00,0.00
0.0625,39.8125,0.00,0.0373125,0.398125,0.00,0.00,0.00,0.00,0.00
0.0625,39.9375,0.00,0.0373125,0.399375,0.00,0.00,0.00,0.00,0.00
0.0625,40.0625,0.00,0.0373125,0.400625,0.00,0.00,0.00,0.00,0.00
0.0625,40.1875,0.00,0.0373125,0.401875,0.00,0.00,0.00,0.00,0.00
0.0625,40.3125,0.00,0.0373125,0.403125,0.00,0.00,0.00,0.00,0.00
0.0625,40.4375,0.00,0.0373125,0.404375,0.00,0.00,0.00,0.00,0.00
0.0625,40.5625,0.00,0.0373125,0.405625,0.00,0.00,0.00,0.00,0.00
0.0625,40.6875,0.00,0.0373125,0.406875,0.00,0.00,0.00,0.00,0.00
0.0625,40.8125,0.00,0.0373125,0.408125,0.00,0.00,0.00,0.00,0.00
0.0625,40.9375,0.00,0.0373125,0.409375,0.00,0.00,0.00,0.00,0.00
0.0625,41.0625,0.00,0.0373125,0.410625,0.00,0.00,0.00,0.00,0.00
0.0625,41.1875,0.00,0.0373125,0.411875,0.00,0.00,0.00,0.00,0.00
0.0625,41.3125,0.00,0.0373125,0.413125,0.00,0.00,0.00,0.00,0.00
0.0625,41.4375,0.00,0.0373125,0.414375,0.00,0.00,0.00,0.00,0.00
0.0625,41.5625,0.00,0.0373125,0.415625,0.00,0.00,0.00,0.00,0.00
0.0625,41.6875,0.00,0.0373125,0.416875,0.00,0.00,0.00,0.00,0.00
0.0625,41.8125,0.00,0.0373125,0.418125,0.00,0.00,0.00,0.00,0.00
0.0625,41.9375,0.00,0.0373125,0.419375,0.00,0.00,0.00,0.00,0.00
0.0625,42.0625,0.00,0.0373125,0.420625,0.00,0.00,0.00,0.00,0.00
0.0625,42.1875,0.00,0.0373125,0.421875,0.00,0.00,0.00,0.00,0.00
0.0625,42.3125,0.00,0.0373125,0.423125,0.00,0.00,0.00,0.00,0.00
0.0625,42.4375,0.00,0.0373125,0.424375,0.00,0.00,0.00,0.00,0.00
0.0625,42.5625,0.00,0.0373125,0.425625,0.00,0.00,0.00,0.00,0.00
0.0625,42.6875,0.00,0.0373125,0.426875,0.00,0.00,0.00,0.00,0.00
0.0625,42.8125,0.00,0.0373125,0.428125,0.00,0.00,0.00,0.00,0.00
0.0625,42.9375,0.00,0.0373125,0.429375,0.00,0.00,0.00,0.00,0.00
0.0625,43.0625,0.00,0.0373125,0.430625,0.00,0.00,0.00,0.00,0.00
0.0625,43.1875,0.00,0.0373125,0.431875,0.00,0.00,0.00,0.00,0.00
0.0625,43.3125,0.00,0.0373125,0.433125,0.00,0.00,0.00,0.00,0.00
0.0625,43.4375,0.00,0.0373125,0.434375,0.00,0.00,0.00,0.00,0.00
0.0625,43.5625,0.00,0.0373125,0.435625,0.00,0.00,0.00,0.00,0.00
0.0625,43.6875,0.00,0.0373125,0.436875,0.00,0.00,0.00,0.00,0.00
0.0625,43.8125,0.00,0.0373125,0.438125,0.00,0.00,0.00,0.00,0.00
0.0625,43.9375,0.00,0.0373125,0.439375,0.00,0.00,0.00,0.00,0.00
0.0625,44.0625,0.00,0.0373125,0.440625,0.00,0.00,0.00,0.00,0.00
0.0625,44.1875,0.00,0.0373125,0.441875,0.00,0.00,0.00,0.00,0.00
0.0625,44.3125,0.00,0.0373125,0.443125,0.00,0.00,0.00,0.00,0.00
0.0625,44.4375,0.00,0.0373125,0.444375,0.00,0.00,0.00,0.00,0.00
0.0625,44.5625,0.00,0.0373125,0.445625,0.00,0.00,0.00,0.00,0.00
0.0625,44.6875,0.00,0.0373125,0.446875,0.00,0.00,0.00,0.00,0.00
0.0625,44.8125,0.00,0.0373125,0.448125,0.00,0.00,0.00,0.00,0.00
0.0625,44.9375,0.00,0.0373125,0.449375,0.00,0.00,0.00,0.00,0.00
0.0625,45.0625,0.00,0.0373125,0.450625,0.00,0.00,0.00,0.00,0.00
0.0625,45.1875,0.00,0.0373125,0.451875,0.00,0.00,0.00,0.00,0.00
0.0625,45.3125,0.00,0.0373125,0.453125,0.00,0.00,0.00,0.00,0.00
0.0625,45.4375,0.00,0.0373125,0.454375,0.00,0.00,0.00,0.00,0.00
0.0625,45.5625,0.00,0.0373125,0.455625,0.00,0.00,0.00,0.00,0.00
0.0625,45.6875,0.00,0.0373125,0.456875,0.00,0.00,0.00,0.00,0.00
0.0625,45.8125,0.00,0.0373125,0.458125,0.00,0.00,0.00,0.00,0.00
0.0625,45.9375,0.00,0.0373125,0.459375,0.00,0.00,0.00,0.00,0.00
0.0625,46.0625,0.00,0.0373125,0.460625,0.00,0.00,0.00,0.00,0.00
0.0625,46.1875,0.00,0.0373125,0.461875,0.00,0.00,0.00,0.00,0.00
0.0625,46.3125,0.00,0.0373125,0.463125,0.00,0.00,0.00,0.00,0.00
0.0625,46.4375,0.00,0.0373125,0.464375,0.00,0.00,0.00,0.00,0.00
0.0625,46.5625,0.00,0.0373125,0.465625,0.00,0.00,0.00,0.00,0.00
0.0625,46.6875,0.00,0.0373125,0.466875,0.00,0.00,0.00,0.00,0.00
0.0625,46.8125,0.00,0.0373125,0.468125,0.00,0.00,0.00,0.00,0.00
0.0625,46.9375,0.00,0.0373125,0.469375,0.00,0.00,0.00,0.00,0.00
0.0625,47.0625,0.00,0.0373125,0.470625,0.00,0.00,0.00,0.00,0.00
0.0625,47.1875,0.00,0.0373125,0.471875,0.00,0.00,0.00,0.00,0.00
0.0625,47.3125,0.00,0.0373125,0.473125,0.00,0.00,0.00,0.00,0.00
0.0625,47.4375,0.00,0.0373125,0.474375,0.00,0.00,0.00,0.00,0.00
0.0625,47.5625,0.00,0.0373125,0.475625,0.00,0.00,0.00,0.00,0.00
0.0625,47.6875,0.00,0.0373125,0.476875,0.00,0.00,0.00,0.00,0.00
0.0625,47.8125,0.00,0.0373125,0.478125,0.00,0.00,0.00,0.00,0.00
0.0625,47.9375,0.00,0.0373125,0.479375,0.00,0.00,0.00,0.00,0.00
0.0625,48.0625,0.00,0.0373125,0.480625,0.00,0.00,0.00,0.00,0.00
0.0625,48.1875,0.00,0.0373125,0.481875,0.00,0.00,0.00,0.00,0.00
0.0625,48.3125,0.00,0.0373125,0.483125,0.00,0.00,0.00,0.00,0.00
0.0625,48.4375,0.00,0.0373125,0.484375,0.00,0.00,0.00,0.00,0.00
0.0625,48.5625,0.00,0.0373125,0.485625,0.00,0.00,0.00,0.00,0.00
0.0625,48.6875,0.00,0.0373125,0.486875,0.00,0.00,0.00,0.00,0.00
0.0625,48.8125,0.00,0.0373125,0.488125,0.00,0.00,0.00,0.00,0.00
0.0625,48.9375,0.00,0.0373125,0.489375,0.00,0.00,0.00,0.00,0.00
0.0625,49.0625,0.00,0.0373125,0.490625,0.00,0.00,0.00,0.00,0.00
0.0625,49.1875,0.00,0.0373125,0.491875,0.00,0.00,0.00,0.00,0.00
0.0625,49.3125,0.00,0.0373125,0.493125,0.00,0.00,0.00,0.00,0.00
0.0625,49.4375,0.00,0.0373125,0.494375,0.00,0.00,0.00,0.00,0.00
0.0625,49.5625,0.00,0.0373125,0.495625,0.00,0.00,0.00,0.00,0.00
0.0625,49.6875,0.00,0.0373125,0.496875,0.00,0.00,0.00,0.00,0.00
0.0625,49.8125,0.00,0.0373125,0.498125,0.00,0.00,0.00,0.00,0.00
0.0625,49.9375,0.00,0.0373125,0.499375,0.00,0.00,0.00,0.00,0.00
0.1875,-1.1875,0.00,0.00,0.00,0.00,0.00,0.00,0.00,0.00
0.1875,-1.0625,0.00,0.00,0.00,0.00,0.00,0.00,0.00,0.00
0.1875,-0.9375,0.00,0.00,0.00,0.00,0.00,0.00,0.00,0.00
0.1875,-0.8125,0.00,0.00,0.00,0.00,0.00,0.00,0.00,0.00
0.1875,-0.6875,0.00,0.00,0.00,0.00,0.00,0.00,0.00,0.00
0.1875,-0.5625,0.00,0.00,0.00,0.00,0.00,0.00,0.00,0.00
0.1875,-0.4375,0.00,0.00,0.00,0.00,0.00,0.00,0.00,0.00
0.1875,-0.3125,0.00,0.00,0.00,0.00,0.00,0.00,0.00,0.00
0.1875,-0.1875,0.00,0.00,0.00,0.00,0.00,0.00,0.00,0.00
0.1875,-0.0625,0.00,0.00,0.00,0.00,0.00,0.00,0.00,0.00
0.1875,0.0625,0.00,0.0369375,0.000625,0.00,0.00,0.00,0.00,0.00
0.1875,0.1875,0.00,0.0369375,0.001875,0.00,0.00,0.00,0.00,0.00
0.1875,0.3125,0.00,0.0369375,0.003125,0.00,0.00,0.00,0.00,0.00
0.1875,0.4375,0.00,0.0369375,0.004375,0.00,0.00,0.00,0.00,0.00
0.1875,0.5625,0.00,0.0369375,0.005625,0.00,0.00,0.00,0.00,0.00
0.1875,0.6875,0.00,0.0369375,0.006875,0.00,0.00,0.00,0.00,0.00
0.1875,0.8125,0.00,0.0369375,0.008125,0.00,0.00,0.00,0.00,0.00
0.1875,0.9375,0.00,0.0369375,0.009375,0.00,0.00,0.00,0.00,0.00
0.1875,1.0625,0.00,0.0369375,0.010625,0.00,0.00,0.00,0.00,0.00
0.1875,1.1875,0.00,0.0369375,0.011875,0.00,0.00,0.00,0.00,0.00
0.1875,1.3125,0.00,0.0369375,0.013125,0.00,0.00,0.00,0.00,0.00
0.1875,1.4375,0.00,0.0369375,0.014375,0.00,0.00,0.00,0.00,0.00
0.1875,1.5625,0.00,0.0369375,0.015625,0.00,0.00,0.00,0.00,0.00
0.1875,1.6875,0.00,0.0369375,0.016875,0.00,0.00,0.00,0.00,0.00
0.1875,1.8125,0.00,0.0369375,0.018125,0.00,0.00,0.00,0.00,0.00
0.1875,1.9375,0.00,0.0369375,0.019375,0.00,0.00,0.00,0.00,0.00
0.1875,2.0625,0.00,0.0369375,0.020625,0.00,0.00,0.00,0.00,0.00
0.1875,2.1875,0.00,0.0369375,0.021875,0.00,0.00,0.00,0.00,0.00
0.1875,2.3125,0.00,0.0369375,0.023125,0.00,0.00,0.00,0.00,0.00
0.1875,2.4375,0.00,0.0369375,0.024375,0.00,0.00,0.00,0.00,0.00
0.1875,2.5625,0.00,0.0369375,0.025625,0.00,0.00,0.00,0.00,0.00
0.1875,2.6875,0.00,0.0369375,0.026875,0.00,0.00,0.00,0.00,0.00
0.1875,2.8125,0.00,0.0369375,0.028125,0.00,0.00,0.00,0.00,0.00
0.1875,2.9375,0.00,0.0369375,0.029375,0.00,0.00,0.00,0.00,0.00
0.1875,3.0625,0.00,0.0369375,0.030625,0.00,0.00,0.00,0.00,0.00
0.1875,3.1875,0.00,0.0369375,0.031875,0.00,0.00,0.00,0.00,0.00
0.1875,3.3125,0.00,0.0369375,0.033125,0.00,0.00,0.00,0.00,0.00
0.1875,3.4375,0.00,0.0369375,0.034375,0.00,0.00,0.00,0.00,0.00
0.1875,3.5625,0.00,0.0369375,0.035625,0.00,0.00,0.00,0.00,0.00
0.1875,3.6875,0.00,0.0369375,0.036875,0.00,0.00,0.00,0.00,0.00
0.1875,3.8125,0.00,0.0369375,0.038125,0.00,0.00,0.00,0.00,0.00
0.1875,3.9375,0.00,0.0369375,0.039375,0.00,0.00,0.00,0.00,0.00
0.1875,4.0625,0.00,0.0369375,0.040625,0.00,0.00,0.00,0.00,0.00
0.1875,4.1875,0.00,0.0369375,0.041875,0.00,0.00,0.00,0.00,0.00
0.1875,4.3125,0.00,0.0369375,0.043125,0.00,0.00,0.00,0.00,0.00
0.1875,4.4375,0.00,0.0369375,0.044375,0.00,0.00,0.00,0.00,0.00
0.1875,4.5625,0.00,0.0369375,0.045625,0.00,0.00,0.00,0.00,0.00
0.1875,4.6875,0.00,0.0369375,0.046875,0.00,0.00,0.00,0.00,0.00
0.1875,4.8125,0.00,0.0369375,0.048125,0.00,0.00,0.00,0.00,0.00
0.1875,4.9375,0.00,0.0369375,0.049375,0.00,0.00,0.00,0.00,0.00
0.1875,5.0625,0.00,0.0369375,0.050625,0.00,0.00,0.00,0.00,0.00
0.1875,5.1875,0.00,0.0369375,0.051875,0.00,0.00,0.00,0.00,0.00
0.1875,5.3125,0.00,0.0369375,0.053125,0.00,0.00,0.00,0.00,0.00
0.1875,5.4375,0.00,0.0369375,0.054375,0.00,0.00,0.00,0.00,0.00
0.1875,5.5625,0.00,0.0369375,0.055625,0.00,0.00,0.00,0.00,0.00
0.1875,5.6875,0.00,0.0369375,0.056875,0.00,0.00,0.00,0.00,0.00
0.1875,5.8125,0.00,0.0369375,0.058125,0.00,0.00,0.00,0.00,0.00
0.1875,5.9375,0.00,0.0369375,0.059375,0.00,0.00,0.00,0.00,0.00
0.1875,6.0625,0.00,0.0369375,0.060625,0.00,0.00,0.00,0.00,0.00
0.1875,6.1875,0.00,0.0369375,0.061875,0.00,0.00,0.00,0.00,0.00
0.1875,6.3125,0.00,0.0369375,0.063125,0.00,0.00,0.00,0.00,0.00
0.1875,6.4375,0.00,0.0369375,0.064375,0.00,0.00,0.00,0.00,0.00
0.1875,6.5625,0.00,0.0369375,0.065625,0.00,0.00,0.00,0.00,0.00
0.1875,6.6875,0.00,0.0369375,0.066875,0.00,0.00,0.00,0.00,0.00
0.1875,6.8125,0.00,0.0369375,0.068125,0.00,0.00,0.00,0.00,0.00
0.1875,6.9375,0.00,0.0369375,0.069375,0.00,0.00,0.00,0.00,0.00
0.1875,7.0625,0.00,0.0369375,0.070625,0.00,0.00,0.00,0.00,0.00
0.1875,7.1875,0.00,0.0369375,0.071875,0.00,0.00,0.00,0.00,0.00
0.1875,7.3125,0.00,0.0369375,0.073125,0.00,0.00,0.00,0.00,0.00
0.1875,7.4375,0.00,0.0369375,0.074375,0.00,0.00,0.00,0.00,0.00
0.1875,7.5625,0.00,0.0369375,0.075625,0.00,0.00,0.00,0.00,0.00
0.1875,7.6875,0.00,0.0369375,0.076875,0.00,0.00,0.00,0.00,0.00
0.1875,7.8125,0.00,0.0369375,0.078125,0.00,0.00,0.00,0.00,0.00
0.1875,7.9375,0.00,0.0369375,0.079375,0.00,0.00,0.00,0.00,0.00
0.1875,8.0625,0.00,0.0369375,0.080625,0.00,0.00,0.00,0.00,0.00
0.1875,8.1875,0.00,0.0369375,0.081875,0.00,0.00,0.00,0.00,0.00
0.1875,8.3125,0.00,0.0369375,0.083125,0.00,0.00,0.00,0.00,0.00
0.1875,8.4375,0.00,0.0369375,0.084375,0.00,0.00,0.00,0.00,0.00
0.1875,8.5625,0.00,0.0369375,0.085625,0.00,0.00,0.00,0.00,0.00
0.1875,8.6875,0.00,0.0369375,0.086875,0.00,0.00,0.00,0.00,0.00
0.1875,8.8125,0.00,0.0369375,0.088125,0.00,0.00,0.00,0.00,0.00
0.1875,8.9375,0.00,0.0369375,0.089375,0.00,0.00,0.00,0.00,0.00
0.1875,9.0625,0.00,0.0369375,0.090625,0.00,0.00,0.00,0.00,0.00
0.1875,9.1875,0.00,0.0369375,0.091875,0.00,0.00,0.00,0.00,0.00
0.1875,9.3125,0.00,0.0369375,0.093125,0.00,0.00,0.00,0.00,0.00
0.1875,9.4375,0.00,0.0369375,0.094375,0.00,0.00,0.00,0.00,0.00
0.1875,9.5625,0.00,0.0369375,0.095625,0.00,0.00,0.00,0.00,0.00
0.1875,9.6875,0.00,0.0369375,0.096875,0.00,0.00,0.00,0.00,0.00
0.1875,9.8125,0.00,0.0369375,0.098125,0.00,0.00,0.00,0.00,0.00
0.1875,9.9375,0.00,0.0369375,0.099375,0.00,0.00,0.00,0.00,0.00
0.1875,10.0625,0.00,0.0369375,0.100625,0.00,0.00,0.00,0.00,0.00
0.1875,10.1875,0.00,0.0369375,0.101875,0.00,0.00,0.00,0.00,0.00
0.1875,10.3125,0.00,0.0369375,0.103125,0.00,0.00,0.00,0.00,0.00
0.1875,10.4375,0.00,0.0369375,0.104375,0.00,0.00,0.00,0.00,0.00
0.1875,10.5625,0.00,0.0369375,0.105625,0.00,0.00,0.00,0.00,0.00
0.1875,10.6875,0.00,0.0369375,0.106875,0.00,0.00,0.00,0.00,0.00
0.1875,10.8125,0.00,0.0369375,0.108125,0.00,0.00,0.00,0.00,0.00
0.1875,10.9375,0.00,0.0369375,0.109375,0.00,0.00,0.00,0.00,0.00
0.1875,11.0625,0.00,0.0369375,0.110625,0.00,0.00,0.00,0.00,0.00
0.1875,11.1875,0.00,0.0369375,0.111875,0.00,0.00,0.00,0.00,0.00
0.1875,11.3125,0.00,0.0369375,0.113125,0.00,0.00,0.00,0.00,0.00
0.1875,11.4375,0.00,0.0369375,0.114375,0.00,0.00,0.00,0.00,0.00
0.1875,11.5625,0.00,0.0369375,0.115625,0.00,0.00,0.00,0.00,0.00
0.1875,11.6875,0.00,0.0369375,0.116875,0.00,0.00,0.00,0.00,0.00
0.1875,11.8125,0.00,0.0369375,0.118125,0.00,0.00,0.00,0.00,0.00
0.1875,11.9375,0.00,0.0369375,0.119375,0.00,0.00,0.00,0.00,0.00
0.1875,12.0625,0.00,0.0369375,0.120625,0.00,0.00,0.00,0.00,0.00
0.1875,12.1875,0.00,0.0369375,0.121875,0.00,0.00,0.00,0.00,0.00
0.1875,12.3125,0.00,0.0369375,0.123125,0.00,0.00,0.00,0.00,0.00
0.1875,12.4375,0.00,0.0369375,0.124375,0.00,0.00,0.00,0.00,0.00
0.1875,12.5625,0.00,0.0369375,0.125625,0.00,0.00,0.00,0.00,0.00
0.1875,12.6875,0.00,0.0369375,0.126875,0.00,0.00,0.00,0.00,0.00
0.1875,12.8125,0.00,0.0369375,0.128125,0.00,0.00,0.00,0.00,0.00
0.1875,12.9375,0.00,0.0369375,0.129375,0.00,0.00,0.00,0.00,0.00
0.1875,13.0625,0.00,0.0369375,0.130625,0.00,0.00,0.00,0.00,0.00
0.1875,13.1875,0.00,0.0369375,0.131875,0.00,0.00,0.00,0.00,0.00
0.1875,13.3125,0.00,0.0369375,0.133125,0.00,0.00,0.00,0.00,0.00
0.1875,13.4375,0.00,0.0369375,0.134375,0.00,0.00,0.00,0.00,0.00
0.1875,13.5625,0.00,0.0369375,0.135625,0.00,0.00,0.00,0.00,0.00
0.1875,13.6875,0.00,0.0369375,0.136875,0.00,0.00,0.00,0.00,0.00
0.1875,13.8125,0.00,0.0369375,0.138125,0.00,0.00,0.00,0.00,0.00
0.1875,13.9375,0.00,0.0369375,0.139375,0.00,0.00,0.00,0.00,0.00
0.1875,14.0625,0.00,0.0369375,0.140625,0.00,0.00,0.00,0.00,0.00
0.1875,14.1875,0.00,0.0369375,0.141875,0.00,0.00,0.00,0.00,0.00
0.1875,14.3125,0.00,0.0369375,0.143125,0.00,0.00,0.00,0.00,0.00
0.1875,14.4375,0.00,0.0369375,0.144375,0.00,0.00,0.00,0.00,0.00
0.1875,14.5625,0.00,0.0369375,0.145625,0.00,0.00,0.00,0.00,0.00
0.1875,14.6875,0.00,0.0369375,0.146875,0.00,0.00,0.00,0.00,0.00
0.1875,14.8125,0.00,0.0369375,0.148125,0.00,0.00,0.00,0.00,0.00
0.1875,14.9375,0.00,0.0369375,0.149375,0.00,0.00,0.00,0.00,0.00
0.1875,15.0625,0.00,0.0369375,0.150625,0.00,0.00,0.00,0.00,0.00
0.1875,15.1875,0.00,0.0369375,0.151875,0.00,0.00,0.00,0.00,0.00
0.1875,15.3125,0.00,0.0369375,0.153125,0.00,0.00,0.00,0.00,0.00
0.1875,15.4375,0.00,0.0369375,0.154375,0.00,0.00,0.00,0.00,0.00
0.1875,15.5625,0.00,0.0369375,0.155625,0.00,0.00,0.00,0.00,0.00
0.1875,15.6875,0.00,0.0369375,0.156875,0.00,0.00,0.00,0.00,0.00
0.1875,15.8125,0.00,0.0369375,0.158125,0.00,0.00,0.00,0.00,0.00
0.1875,15.9375,0.00,0.0369375,0.159375,0.00,0.00,0.00,0.00,0.00
0.1875,16.0625,0.00,0.0369375,0.160625,0.00,0.00,0.00,0.00,0.00
0.1875,16.1875,0.00,0.0369375,0.161875,0.00,0.00,0.00,0.00,0.00
0.1875,16.3125,0.00,0.0369375,0.163125,0.00,0.00,0.00,0.00,0.00
0.1875,16.4375,0.00,0.0369375,0.164375,0.00,0.00,0.00,0.00,0.00
0.1875,16.5625,0.00,0.0369375,0.165625,0.00,0.00,0.00,0.00,0.00
0.1875,16.6875,0.00,0.0369375,0.166875,0.00,0.00,0.00,0.00,0.00
0.1875,16.8125,0.00,0.0369375,0.168125,0.00,0.00,0.00,0.00,0.00
0.1875,16.9375,0.00,0.0369375,0.169375,0.00,0.00,0.00,0.00,0.00
0.1875,17.0625,0.00,0.0369375,0.170625,0.00,0.00,0.00,0.00,0.00
0.1875,17.1875,0.00,0.0369375,0.171875,0.00,0.00,0.00,0.00,0.00
0.1875,17.3125,0.00,0.0369375,0.173125,0.00,0.00,0.00,0.00,0.00
0.1875,17.4375,0.00,0.0369375,0.174375,0.00,0.00,0.00,0.00,0.00
0.1875,17.5625,0.00,0.0369375,0.175625,0.00,0.00,0.00,0.00,0.00
0.1875,17.6875,0.00,0.0369375,0.176875,0.00,0.00,0.00,0.00,0.00
0.1875,17.8125,0.00,0.0369375,0.178125,0.00,0.00,0.00,0.00,0.00
0.1875,17.9375,0.00,0.0369375,0.179375,0.00,0.00,0.00,0.00,0.00
0.1875,18.0625,0.00,0.0369375,0.180625,0.00,0.00,0.00,0.00,0.00
0.1875,18.1875,0.00,0.0369375,0.181875,0.00,0.00,0.00,0.00,0.00
0.1875,18.3125,0.00,0.0369375,0.183125,0.00,0.00,0.00,0.00,0.00
0.1875,18.4375,0.00,0.0369375,0.184375,0.00,0.00,0.00,0.00,0.00
0.1875,18.5625,0.00,0.0369375,0.185625,0.00,0.00,0.00,0.00,0.00
0.1875,18.6875,0.00,0.0369375,0.186875,0.00,0.00,0.00,0.00,0.00
0.1875,18.8125,0.00,0.0369375,0.188125,0.00,0.00,0.00,0.00,0.00
0.1875,18.9375,0.00,0.0369375,0.189375,0.00,0.00,0.00,0.00,0.00
0.1875,19.0625,0.00,0.0369375,0.190625,0.00,0.00,0.00,0.00,0.00
0.1875,19.1875,0.00,0.0369375,0.191875,0.00,0.00,0.00,0.00,0.00
0.1875,19.3125,0.00,0.0369375,0.193125,0.00,0.00,0.00,0.00,0.00
0.1875,19.4375,0.00,0.0369375,0.194375,0.00,0.00,0.00,0.00,0.00
0.1875,19.5625,0.00,0.0369375,0.195625,0.00,0.00,0.00,0.00,0.00
0.1875,19.6875,0.00,0.0369375,0.196875,0.00,0.00,0.00,0.00,0.00
0.1875,19.8125,0.00,0.0369375,0.198125,0.00,0.00,0.00,0.00,0.00
0.1875,19.9375,0.00,0.0369375,0.199375,0.00,0.00,0.00,0.00,0.00
0.1875,20.0625,0.00,0.0369375,0.200625,0.00,0.00,0.00,0.00,0.00
0.1875,20.1875,0.00,0.0369375,0.201875,0.00,0.00,0.00,0.00,0.00
0.1875,20.3125,0.00,0.0369375,0.203125,0.00,0.00,0.00,0.00,0.00
0.1875,20.4375,0.00,0.0369375,0.204375,0.00,0.00,0.00,0.00,0.00
0.1875,20.5625,0.00,0.0369375,0.205625,0.00,0.00,0.00,0.00,0.00
0.1875,20.6875,0.00,0.0369375,0.206875,0.00,0.00,0.00,0.00,0.00
0.1875,20.8125,0.00,0.0369375,0.208125,0.00,0.00,0.00,0.00,0.00
0.1875,20.9375,0.00,0.0369375,0.209375,0.00,0.00,0.00,0.00,0.00
0.1875,21.0625,0.00,0.0369375,0.210625,0.00,0.00,0.00,0.00,0.00
0.1875,21.1875,0.00,0.0369375,0.211875,0.00,0.00,0.00,0.00,0.00
0.1875,21.3125,0.00,0.0369375,0.213125,0.00,0.00,0.00,0.00,0.00
0.1875,21.4375,0.00,0.0369375,0.214375,0.00,0.00,0.00,0.00,0.00
0.1875,21.5625,0.00,0.0369375,0.215625,0.00,0.00,0.00,0.00,0.00
0.1875,21.6875,0.00,0.0369375,0.216875,0.00,0.00,0.00,0.00,0.00
0.1875,21.8125,0.00,0.0369375,0.218125,0.00,0.00,0.00,0.00,0.00
0.1875,21.9375,0.00,0.0369375,0.219375,0.00,0.00,0.00,0.00,0.00
0.1875,22.0625,0.00,0.0369375,0.220625,0.00,0.00,0.00,0.00,0.00
0.1875,22.1875,0.00,0.0369375,0.221875,0.00,0.00,0.00,0.00,0.00
0.1875,22.3125,0.00,0.0369375,0.223125,0.00,0.00,0.00,0.00,0.00
0.1875,22.4375,0.00,0.0369375,0.224375,0.00,0.00,0.00,0.00,0.00
0.1875,22.5625,0.00,0.0369375,0.225625,0.00,0.00,0.00,0.00,0.00
0.1875,22.6875,0.00,0.0369375,0.226875,0.00,0.00,0.00,0.00,0.00
0.1875,22.8125,0.00,0.0369375,0.228125,0.00,0.00,0.00,0.00,0.00
0.1875,22.9375,0.00,0.0369375,0.229375,0.00,0.00,0.00,0.00,0.00
0.1875,23.0625,0.00,0.0369375,0.230625,0.00,0.00,0.00,0.00,0.00
0.1875,23.1875,0.00,0.0369375,0.231875,0.00,0.00,0.00,0.00,0.00
0.1875,23.3125,0.00,0.0369375,0.233125,0.00,0.00,0.00,0.00,0.00
0.1875,23.4375,0.00,0.0369375,0.234375,0.00,0.00,0.00,0.00,0.00
0.1875,23.5625,0.00,0.0369375,0.235625,0.00,0.00,0.00,0.00,0.00
0.1875,23.6875,0.00,0.0369375,0.236875,0.00,0.00,0.00,0.00,0.00
0.1875,23.8125,0.00,0.0369375,0.238125,0.00,0.00,0.00,0.00,0.00
0.1875,23.9375,0.00,0.0369375,0.239375,0.00,0.00,0.00,0.00,0.00
0.1875,24.0625,0.00,0.0369375,0.240625,0.00,0.00,0.00,0.00,0.00
0.1875,24.1875,0.00,0.0369375,0.241875,0.00,0.00,0.00,0.00,0.00
0.1875,24.3125,0.00,0.0369375,0.243125,0.00,0.00,0.00,0.00,0.00
0.1875,24.4375,0.00,0.0369375,0.244375,0.00,0.00,0.00,0.00,0.00
0.1875,24.5625,0.00,0.0369375,0.245625,0.00,0.00,0.00,0.00,0.00
0.1875,24.6875,0.00,0.0369375,0.246875,0.00,0.00,0.00,0.00,0.00
0.1875,24.8125,0.00,0.0369375,0.248125,0.00,0.00,0.00,0.00,0.00
0.1875,24.9375,0.00,0.0369375,0.249375,0.00,0.00,0.00,0.00,0.00
0.1875,25.0625,0.00,0.0369375,0.250625,0.00,0.00,0.00,0.00,0.00
0.1875,25.1875,0.00,0.0369375,0.251875,0.00,0.00,0.00,0.00,0.00
0.1875,25.3125,0.00,0.0369375,0.253125,0.00,0.00,0.00,0.00,0.00
0.1875,25.4375,0.00,0.0369375,0.254375,0.00,0.00,0.00,0.00,0.00
0.1875,25.5625,0.00,0.0369375,0.255625,0.00,0.00,0.00,0.00,0.00
0.1875,25.6875,0.00,0.0369375,0.256875,0.00,0.00,0.00,0.00,0.00
0.1875,25.8125,0.00,0.0369375,0.258125,0.00,0.00,0.00,0.00,0.00
0.1875,25.9375,0.00,0.0369375,0.259375,0.00,0.00,0.00,0.00,0.00
0.1875,26.0625,0.00,0.0369375,0.260625,0.00,0.00,0.00,0.00,0.00
0.1875,26.1875,0.00,0.0369375,0.261875,0.00,0.00,0.00,0.00,0.00
0.1875,26.3125,0.00,0.0369375,0.263125,0.00,0.00,0.00,0.00,0.00
0.1875,26.4375,0.00,0.0369375,0.264375,0.00,0.00,0.00,0.00,0.00
0.1875,26.5625,0.00,0.0369375,0.265625,0.00,0.00,0.00,0.00,0.00
0.1875,26.6875,0.00,0.0369375,0.266875,0.00,0.00,0.00,0.00,0.00
0.1875,26.8125,0.00,0.0369375,0.268125,0.00,0.00,0.00,0.00,0.00
0.1875,26.9375,0.00,0.0369375,0.269375,0.00,0.00,0.00,0.00,0.00
0.1875,27.0625,0.00,0.0369375,0.270625,0.00,0.00,0.00,0.00,0.00
0.1875,27.1875,0.00,0.0369375,0.271875,0.00,0.00,0.00,0.00,0.00
0.1875,27.3125,0.00,0.0369375,0.273125,0.00,0.00,0.00,0.00,0.00
0.1875,27.4375,0.00,0.0369375,0.274375,0.00,0.00,0.00,0.00,0.00
0.1875,27.5625,0.00,0.0369375,0.275625,0.00,0.00,0.00,0.00,0.00
0.1875,27.6875,0.00,0.0369375,0.276875,0.00,0.00,0.00,0.00,0.00
0.1875,27.8125,0.00,0.0369375,0.278125,0.00,0.00,0.00,0.00,0.00
0.1875,27.9375,0.00,0.0369375,0.279375,0.00,0.00,0.00,0.00,0.00
0.1875,28.0625,0.00,0.0369375,0.280625,0.00,0.00,0.00,0.00,0.00
0.1875,28.1875,0.00,0.0369375,0.281875,0.00,0.00,0.00,0.00,0.00
0.1875,28.3125,0.00,0.0369375,0.283125,0.00,0.00,0.00,0.00,0.00
0.1875,28.4375,0.00,0.0369375,0.284375,0.00,0.00,0.00,0.00,0.00
0.1875,28.5625,0.00,0.0369375,0.285625,0.00,0.00,0.00,0.00,0.00
0.1875,28.6875,0.00,0.0369375,0.286875,0.00,0.00,0.00,0.00,0.00
0.1875,28.8125,0.00,0.0369375,0.288125,0.00,0.00,0.00,0.00,0.00
0.1875,28.9375,0.00,0.0369375,0.289375,0.00,0.00,0.00,0.00,0.00
0.1875,29.0625,0.00,0.0369375,0.290625,0.00,0.00,0.00,0.00,0.00
0.1875,29.1875,0.00,0.0369375,0.291875,0.00,0.00,0.00,0.00,0.00
0.1875,29.3125,0.00,0.0369375,0.293125,0.00,0.00,0.00,0.00,0.00
0.1875,29.4375,0.00,0.0369375,0.294375,0.00,0.00,0.00,0.00,0.00
0.1875,29.5625,0.00,0.0369375,0.295625,0.00,0.00,0.00,0.00,0.00
0.1875,29.6875,0.00,0.0369375,0.296875,0.00,0.00,0.00,0.00,0.00
0.1875,29.8125,0.00,0.0369375,0.298125,0.00,0.00,0.00,0.00,0.00
0.1875,29.9375,0.00,0.0369375,0.299375,0.00,0.00,0.00,0.00,0.00
0.1875,30.0625,0.00,0.0369375,0.300625,0.00,0.00,0.00,0.00,0.00
0.1875,30.1875,0.00,0.0369375,0.301875,0.00,0.00,0.00,0.00,0.00
0.1875,30.3125,0.00,0.0369375,0.303125,0.00,0.00,0.00,0.00,0.00
0.1875,30.4375,0.00,0.0369375,0.304375,0.00,0.00,0.00,0.00,0.00
0.1875,30.5625,0.00,0.0369375,0.305625,0.00,0.00,0.00,0.00,0.00
0.1875,30.6875,0.00,0.0369375,0.306875,0.00,0.00,0.00,0.00,0.00
0.1875,30.8125,0.00,0.0369375,0.308125,0.00,0.00,0.00,0.00,0.00
0.1875,30.9375,0.00,0.0369375,0.309375,0.00,0.00,0.00,0.00,0.00
0.1875,31.0625,0.00,0.0369375,0.310625,0.00,0.00,0.00,0.00,0.00
0.1875,31.1875,0.00,0.0369375,0.311875,0.00,0.00,0.00,0.00,0.00
0.1875,31.3125,0.00,0.0369375,0.313125,0.00,0.00,0.00,0.00,0.00
0.1875,31.4375,0.00,0.0369375,0.314375,0.00,0.00,0.00,0.00,0.00
0.1875,31.5625,0.00,0.0369375,0.315625,0.00,0.00,0.00,0.00,0.00
0.1875,31.6875,0.00,0.0369375,0.316875,0.00,0.00,0.00,0.00,0.00
0.1875,31.8125,0.00,0.0369375,0.318125,0.00,0.00,0.00,0.00,0.00
0.1875,31.9375,0.00,0.0369375,0.319375,0.00,0.00,0.00,0.00,0.00
0.1875,32.0625,0.00,0.0369375,0.320625,0.00,0.00,0.00,0.00,0.00
0.1875,32.1875,0.00,0.0369375,0.321875,0.00,0.00,0.00,0.00,0.00
0.1875,32.3125,0.00,0.0369375,0.323125,0.00,0.00,0.00,0.00,0.00
0.1875,32.4375,0.00,0.0369375,0.324375,0.00,0.00,0.00,0.00,0.00
0.1875,32.5625,0.00,0.0369375,0.325625,0.00,0.00,0.00,0.00,0.00
0.1875,32.6875,0.00,0.0369375,0.326875,0.00,0.00,0.00,0.00,0.00
0.1875,32.8125,0.00,0.0369375,0.328125,0.00,0.00,0.00,0.00,0.00
0.1875,32.9375,0.00,0.0369375,0.329375,0.00,0.00,0.00,0.00,0.00
0.1875,33.0625,0.00,0.0369375,0.330625,0.00,0.00,0.00,0.00,0.00
0.1875,33.1875,0.00,0.0369375,0.331875,0.00,0.00,0.00,0.00,0.00
0.1875,33.3125,0.00,0.0369375,0.333125,0.00,0.00,0.00,0.00,0.00
0.1875,33.4375,0.00,0.0369375,0.334375,0.00,0.00,0.00,0.00,0.00
0.1875,33.5625,0.00,0.0369375,0.335625,0.00,0.00,0.00,0.00,0.00
0.1875,33.6875,0.00,0.0369375,0.336875,0.00,0.00,0.00,0.00,0.00
0.1875,33.8125,0.00,0.0369375,0.338125,0.00,0.00,0.00,0.00,0.00
0.1875,33.9375,0.00,0.0369375,0.339375,0.00,0.00,0.00,0.00,0.00
0.1875,34.0625,0.00,0.0369375,0.340625,0.00,0.00,0.00,0.00,0.00
0.1875,34.1875,0.00,0.0369375,0.341875,0.00,0.00,0.00,0.00,0.00
0.1875,34.3125,0.00,0.0369375,0.343125,0.00,0.00,0.00,0.00,0.00
0.1875,34.4375,0.00,0.0369375,0.344375,0.00,0.00,0.00,0.00,0.00
0.1875,34.5625,0.00,0.0369375,0.345625,0.00,0.00,0.00,0.00,0.00
0.1875,34.6875,0.00,0.0369375,0.346875,0.00,0.00,0.00,0.00,0.00
0.1875,34.8125,0.00,0.0369375,0.348125,0.00,0.00,0.00,0.00,0.00
0.1875,34.9375,0.00,0.0369375,0.349375,0.00,0.00,0.00,0.00,0.00
0.1875,35.0625,0.00,0.0369375,0.350625,0.00,0.00,0.00,0.00,0.00
0.1875,35.1875,0.00,0.0369375,0.351875,0.00,0.00,0.00,0.00,0.00
0.1875,35.3125,0.00,0.0369375,0.353125,0.00,0.00,0.00,0.00,0.00
0.1875,35.4375,0.00,0.0369375,0.354375,0.00,0.00,0.00,0.00,0.00
0.1875,35.5625,0.00,0.0369375,0.355625,0.00,0.00,0.00,0.00,0.00
0.1875,35.6875,0.00,0.0369375,0.356875,0.00,0.00,0.00,0.00,0.00
0.1875,35.8125,0.00,0.0369375,0.358125,0.00,0.00,0.00,0.00,0.00
0.1875,35.9375,0.00,0.0369375,0.359375,0.00,0.00,0.00,0.00,0.00
0.1875,36.0625,0.00,0.0369375,0.360625,0.00,0.00,0.00,0.00,0.00
0.1875,36.1875,0.00,0.0369375,0.361875,0.00,0.00,0.00,0.00,0.00
0.1875,36.3125,0.00,0.0369375,0.363125,0.00,0.00,0.00,0.00,0.00
0.1875,36.4375,0.00,0.0369375,0.364375,0.00,0.00,0.00,0.00,0.00
0.1875,36.5625,0.00,0.0369375,0.365625,0.00,0.00,0.00,0.00,0.00
0.1875,36.6875,0.00,0.0369375,0.366875,0.00,0.00,0.00,0.00,0.00
0.1875,36.8125,0.00,0.0369375,0.368125,0.00,0.00,0.00,0.00,0.00
0.1875,36.9375,0.00,0.0369375,0.369375,0.00,0.00,0.00,0.00,0.00
0.1875,37.0625,0.00,0.0369375,0.370625,0.00,0.00,0.00,0.00,0.00
0.1875,37.1875,0.00,0.0369375,0.371875,0.00,0.00,0.00,0.00,0.00
0.1875,37.3125,0.00,0.0369375,0.373125,0.00,0.00,0.00,0.00,0.00
0.1875,37.4375,0.00,0.0369375,0.374375,0.00,0.00,0.00,0.00,0.00
0.1875,37.5625,0.00,0.0369375,0.375625,0.00,0.00,0.00,0.00,0.00
0.1875,37.6875,0.00,0.0369375,0.376875,0.00,0.00,0.00,0.00,0.00
0.1875,37.8125,0.00,0.0369375,0.378125,0.00,0.00,0.00,0.00,0.00
0.1875,37.9375,0.00,0.0369375,0.379375,0.00,0.00,0.00,0.00,0.00
0.1875,38.0625,0.00,0.0369375,0.380625,0.00,0.00,0.00,0.00,0.00
0.1875,38.1875,0.00,0.0369375,0.381875,0.00,0.00,0.00,0.00,0.00
0.1875,38.3125,0.00,0.0369375,0.383125,0.00,0.00,0.00,0.00,0.00
0.1875,38.4375,0.00,0.0369375,0.384375,0.00,0.00,0.00,0.00,0.00
0.1875,38.5625,0.00,0.0369375,0.385625,0.00,0.00,0.00,0.00,0.00
0.1875,38.6875,0.00,0.0369375,0.386875,0.00,0.00,0.00,0.00,0.00
0.1875,38.8125,0.00,0.0369375,0.388125,0.00,0.00,0.00,0.00,0.00
0.1875,38.9375,0.00,0.0369375,0.389375,0.00,0.00,0.00,0.00,0.00
0.1875,39.0625,0.00,0.0369375,0.390625,0.00,0.00,0.00,0.00,0.00
0.1875,39.1875,0.00,0.0369375,0.391875,0.00,0.00,0.00,0.00,0.00
0.1875,39.3125,0.00,0.0369375,0.393125,0.00,0.00,0.00,0.00,0.00
0.1875,39.4375,0.00,0.0369375,0.394375,0.00,0.00,0.00,0.00,0.00
0.1875,39.5625,0.00,0.0369375,0.395625,0.00,0.00,0.00,0.00,0.00
0.1875,39.6875,0.00,0.0369375,0.396875,0.00,0.00,0.00,0.00,0.00
0.1875,39.8125,0.00,0.0369375,0.398125,0.00,0.00,0.00,0.00,0.00
0.1875,39.9375,0.00,0.0369375,0.399375,0.00,0.00,0.00,0.00,0.00
0.1875,40.0625,0.00,0.0369375,0.400625,0.00,0.00,0.00,0.00,0.00
0.1875,40.1875,0.00,0.0369375,0.401875,0.00,0.00,0.00,0.00,0.00
0.1875,40.3125,0.00,0.0369375,0.403125,0.00,0.00,0.00,0.00,0.00
0.1875,40.4375,0.00,0.0369375,0.404375,0.00,0.00,0.00,0.00,0.00
0.1875,40.5625,0.00,0.0369375,0.405625,0.00,0.00,0.00,0.00,0.00
0.1875,40.6875,0.00,0.0369375,0.406875,0.00,0.00,0.00,0.00,0.00
0.1875,40.8125,0.00,0.0369375,0.408125,0.00,0.00,0.00,0.00,0.00
0.1875,40.9375,0.00,0.0369375,0.409375,0.00,0.00,0.00,0.00,0.00
0.1875,41.0625,0.00,0.0369375,0.410625,0.00,0.00,0.00,0.00,0.00
0.1875,41.1875,0.00,0.0369375,0.411875,0.00,0.00,0.00,0.00,0.00
0.1875,41.3125,0.00,0.0369375,0.413125,0.00,0.00,0.00,0.00,0.00
0.1875,41.4375,0.00,0.0369375,0.414375,0.00,0.00,0.00,0.00,0.00
0.1875,41.5625,0.00,0.0369375,0.415625,0.00,0.00,0.00,0.00,0.00
0.1875,41.6875,0.00,0.0369375,0.416875,0.00,0.00,0.00,0.00,0.00
0.1875,41.8125,0.00,0.0369375,0.418125,0.00,0.00,0.00,0.00,0.00
0.1875,41.9375,0.00,0.0369375,0.419375,0.00,0.00,0.00,0.00,0.00
0.1875,42.0625,0.00,0.0369375,0.420625,0.00,0.00,0.00,0.00,0.00
0.1875,42.1875,0.00,0.0369375,0.421875,0.00,0.00,0.00,0.00,0.00
0.1875,42.3125,0.00,0.0369375,0.423125,0.00,0.00,0.00,0.00,0.00
0.1875,42.4375,0.00,0.0369375,0.424375,0.00,0.00,0.00,0.00,0.00
0.1875,42.5625,0.00,0.0369375,0.425625,0.00,0.00,0.00,0.00,0.00
0.1875,42.6875,0.00,0.0369375,0.426875,0.00,0.00,0.00,0.00,0.00
0.1875,42.8125,0.00,0.0369375,0.428125,0.00,0.00,0.00,0.00,0.00
0.1875,42.9375,0.00,0.0369375,0.429375,0.00,0.00,0.00,0.00,0.00
0.1875,43.0625,0.00,0.0369375,0.430625,0.00,0.00,0.00,0.00,0.00
0.1875,43.1875,0.00,0.0369375,0.431875,0.00,0.00,0.00,0.00,0.00
0.1875,43.3125,0.00,0.0369375,0.433125,0.00,0.00,0.00,0.00,0.00
0.1875,43.4375,0.00,0.0369375,0.434375,0.00,0.00,0.00,0.00,0.00
0.1875,43.5625,0.00,0.0369375,0.435625,0.00,0.00,0.00,0.00,0.00
0.1875,43.6875,0.00,0.0369375,0.436875,0.00,0.00,0.00,0.00,0.00
0.1875,43.8125,0.00,0.0369375,0.438125,0.00,0.00,0.00,0.00,0.00
0.1875,43.9375,0.00,0.0369375,0.439375,0.00,0.00,0.00,0.00,0.00
0.1875,44.0625,0.00,0.0369375,0.440625,0.00,0.00,0.00,0.00,0.00
0.1875,44.1875,0.00,0.0369375,0.441875,0.00,0.00,0.00,0.00,0.00
0.1875,44.3125,0.00,0.0369375,0.443125,0.00,0.00,0.00,0.00,0.00
0.1875,44.4375,0.00,0.0369375,0.444375,0.00,0.00,0.00,0.00,0.00
0.1875,44.5625,0.00,0.0369375,0.445625,0.00,0.00,0.00,0.00,0.00
0.1875,44.6875,0.00,0.0369375,0.446875,0.00,0.00,0.00,0.00,0.00
0.1875,44.8125,0.00,0.0369375,0.448125,0.00,0.00,0.00,0.00,0.00
0.1875,44.9375,0.00,0.0369375,0.449375,0.00,0.00,0.00,0.00,0.00
0.1875,45.0625,0.00,0.0369375,0.450625,0.00,0.00,0.00,0.00,0.00
0.1875,45.1875,0.00,0.0369375,0.451875,0.00,0.00,0.00,0.00,0.00
0.1875,45.3125,0.00,0.0369375,0.453125,0.00,0.00,0.00,0.00,0.00
0.1875,45.4375,0.00,0.0369375,0.454375,0.00,0.00,0.00,0.00,0.00
0.1875,45.5625,0.00,0.0369375,0.455625,0.00,0.00,0.00,0.00,0.00
0.1875,45.6875,0.00,0.0369375,0.456875,0.00,0.00,0.00,0.00,0.00
0.1875,45.8125,0.00,0.0369375,0.458125,0.00,0.00,0.00,0.00,0.00
0.1875,45.9375,0.00,0.0369375,0.459375,0.00,0.00,0.00,0.00,0.00
0.1875,46.0625,0.00,0.0369375,0.460625,0.00,0.00,0.00,0.00,0.00
0.1875,46.1875,0.00,0.0369375,0.461875,0.00,0.00,0.00,0.00,0.00
0.1875,46.3125,0.00,0.0369375,0.463125,0.00,0.00,0.00,0.00,0.00
0.1875,46.4375,0.00,0.0369375,0.464375,0.00,0.00,0.00,0.00,0.00
0.1875,46.5625,0.00,0.0369375,0.465625,0.00,0.00,0.00,0.00,0.00
0.1875,46.6875,0.00,0.0369375,0.466875,0.00,0.00,0.00,0.00,0.00
0.1875,46.8125,0.00,0.0369375,0.468125,0.00,0.00,0.00,0.00,0.00
0.1875,46.9375,0.00,0.0369375,0.469375,0.00,0.00,0.00,0.00,0.00
0.1875,47.0625,0.00,0.0369375,0.470625,0.00,0.00,0.00,0.00,0.00
0.1875,47.1875,0.00,0.0369375,0.471875,0.00,0.00,0.00,0.00,0.00
0.1875,47.3125,0.00,0.0369375,0.473125,0.00,0.00,0.00,0.00,0.00
0.1875,47.4375,0.00,0.0369375,0.474375,0.00,0.00,0.00,0.00,0.00
0.1875,47.5625,0.00,0.0369375,0.475625,0.00,0.00,0.00,0.00,0.00
0.1875,47.6875,0.00,0.0369375,0.476875,0.00,0.00,0.00,0.00,0.00
0.1875,47.8125,0.00,0.0369375,0.478125,0.00,0.00,0.00,0.00,0.00
0.1875,47.9375,0.00,0.0369375,0.479375,0.00,0.00,0.00,0.00,0.00
0.1875,48.0625,0.00,0.0369375,0.480625,0.00,0.00,0.00,0.00,0.00
0.1875,48.1875,0.00,0.0369375,0.481875,0.00,0.00,0.00,0.00,0.00
0.1875,48.3125,0.00,0.0369375,0.483125,0.00,0.00,0.00,0.00,0.00
0.1875,48.4375,0.00,0.0369375,0.484375,0.00,0.00,0.00,0.00,0.00
0.1875,48.5625,0.00,0.0369375,0.485625,0.00,0.00,0.00,0.00,0.00
0.1875,48.6875,0.00,0.0369375,0.486875,0.00,0.00,0.00,0.00,0.00
0.1875,48.8125,0.00,0.0369375,0.488125,0.00,0.00,0.00,0.00,0.00
0.1875,48.9375,0.00,0.0369375,0.489375,0.00,0.00,0.00,0.00,0.00
0.1875,49.0625,0.00,0.0369375,0.490625,0.00,0.00,0.00,0.00,0.00
0.1875,49.1875,0.00,0.0369375,0.491875,0.00,0.00,0.00,0.00,0.00
0.1875,49.3125,0.00,0.0369375,0.493125,0.00,0.00,0.00,0.00,0.00
0.1875,49.4375,0.00,0.0369375,0.494375,0.00,0.00,0.00,0.00,0.00
0.1875,49.5625,0.00,0.0369375,0.495625,0.00,0.00,0.00,0.00,0.00
0.1875,49.6875,0.00,0.0369375,0.496875,0.00,0.00,0.00,0.00,0.00
0.1875,49.8125,0.00,0.0369375,0.498125,0.00,0.00,0.00,0.00,0.00
0.1875,49.9375,0.00,0.0369375,0.499375,0.00,0.00,0.00,0.00,0.00
0.3125,-1.1875,0.00,0.00,0.00,0.00,0.00,0.00,0.00,0.00
0.3125,-1.0625,0.00,0.00,0.00,0.00,0.00,0.00,0.00,0.00
0.3125,-0.9375,0.00,0.00,0.00,0.00,0.00,0.00,0.00,0.00
0.3125,-0.8125,0.00,0.00,0.00,0.00,0.00,0.00,0.00,0.00
0.3125,-0.6875,0.00,0.00,0.00,0.00,0.00,0.00,0.00,0.00
0.3125,-0.5625,0.00,0.00,0.00,0.00,0.00,0.00,0.00,0.00
0.3125,-0.4375,0.00,0.00,0.00,0.00,0.00,0.00,0.00,0.00
0.3125,-0.3125,0.00,0.00,0.00,0.00,0.00,0.00,0.00,0.00
0.3125,-0.1875,0.00,0.00,0.00,0.00,0.00,0.00,0.00,0.00
0.3125,-0.0625,0.00,0.00,0.00,0.00,0.00,0.00,0.00,0.00
0.3125,0.0625,0.00,0.0365625,0.000625,0.00,0.00,0.00,0.00,0.00
0.3125,0.1875,0.00,0.0365625,0.001875,0.00,0.00,0.00,0.00,0.00
0.3125,0.3125,0.00,0.0365625,0.003125,0.00,0.00,0.00,0.00,0.00
0.3125,0.4375,0.00,0.0365625,0.004375,0.00,0.00,0.00,0.00,0.00
0.3125,0.5625,0.00,0.0365625,0.005625,0.00,0.00,0.00,0.00,0.00
0.3125,0.6875,0.00,0.0365625,0.006875,0.00,0.00,0.00,0.00,0.00
0.3125,0.8125,0.00,0.0365625,0.008125,0.00,0.00,0.00,0.00,0.00
0.3125,0.9375,0.00,0.0365625,0.009375,0.00,0.00,0.00,0.00,0.00
0.3125,1.0625,0.00,0.0365625,0.010625,0.00,0.00,0.00,0.00,0.00
0.3125,1.1875,0.00,0.0365625,0.011875,0.00,0.00,0.00,0.00,0.00
0.3125,1.3125,0.00,0.0365625,0.013125,0.00,0.00,0.00,0.00,0.00
0.3125,1.4375,0.00,0.0365625,0.014375,0.00,0.00,0.00,0.00,0.00
0.3125,1.5625,0.00,0.0365625,0.015625,0.00,0.00,0.00,0.00,0.00
0.3125,1.6875,0.00,0.0365625,0.016875,0.00,0.00,0.00,0.00,0.00
0.3125,1.8125,0.00,0.0365625,0.018125,0.00,0.00,0.00,0.00,0.00
0.3125,1.9375,0.00,0.0365625,0.019375,0.00,0.00,0.00,0.00,0.00
0.3125,2.0625,0.00,0.0365625,0.020625,0.00,0.00,0.00,0.00,0.00
0.3125,2.1875,0.00,0.0365625,0.021875,0.00,0.00,0.00,0.00,0.00
0.3125,2.3125,0.00,0.0365625,0.023125,0.00,0.00,0.00,0.00,0.00
0.3125,2.4375,0.00,0.0365625,0.024375,0.00,0.00,0.00,0.00,0.00
0.3125,2.5625,0.00,0.0365625,0.025625,0.00,0.00,0.00,0.00,0.00
0.3125,2.6875,0.00,0.0365625,0.026875,0.00,0.00,0.00,0.00,0.00
0.3125,2.8125,0.00,0.0365625,0.028125,0.00,0.00,0.00,0.00,0.00
0.3125,2.9375,0.00,0.0365625,0.029375,0.00,0.00,0.00,0.00,0.00
0.3125,3.0625,0.00,0.0365625,0.030625,0.00,0.00,0.00,0.00,0.00
0.3125,3.1875,0.00,0.0365625,0.031875,0.00,0.00,0.00,0.00,0.00
0.3125,3.3125,0.00,0.0365625,0.033125,0.00,0.00,0.00,0.00,0.00
0.3125,3.4375,0.00,0.0365625,0.034375,0.00,0.00,0.00,0.00,0.00
0.3125,3.5625,0.00,0.0365625,0.035625,0.00,0.00,0.00,0.00,0.00
0.3125,3.6875,0.00,0.0365625,0.036875,0.00,0.00,0.00,0.00,0.00
0.3125,3.8125,0.00,0.0365625,0.038125,0.00,0.00,0.00,0.00,0.00
0.3125,3.9375,0.00,0.0365625,0.039375,0.00,0.00,0.00,0.00,0.00
0.3125,4.0625,0.00,0.0365625,0.040625,0.00,0.00,0.00,0.00,0.00
0.3125,4.1875,0.00,0.0365625,0.041875,0.00,0.00,0.00,0.00,0.00
0.3125,4.3125,0.00,0.0365625,0.043125,0.00,0.00,0.00,0.00,0.00
0.3125,4.4375,0.00,0.0365625,0.044375,0.00,0.00,0.00,0.00,0.00
0.3125,4.5625,0.00,0.0365625,0.045625,0.00,0.00,0.00,0.00,0.00
0.3125,4.6875,0.00,0.0365625,0.046875,0.00,0.00,0.00,0.00,0.00
0.3125,4.8125,0.00,0.0365625,0.048125,0.00,0.00,0.00,0.00,0.00
0.3125,4.9375,0.00,0.0365625,0.049375,0.00,0.00,0.00,0.00,0.00
0.3125,5.0625,0.00,0.0365625,0.050625,0.00,0.00,0.00,0.00,0.00
0.3125,5.1875,0.00,0.0365625,0.051875,0.00,0.00,0.00,0.00,0.00
0.3125,5.3125,0.00,0.0365625,0.053125,0.00,0.00,0.00,0.00,0.00
0.3125,5.4375,0.00,0.0365625,0.054375,0.00,0.00,0.00,0.00,0.00
0.3125,5.5625,0.00,0.0365625,0.055625,0.00,0.00,0.00,0.00,0.00
0.3125,5.6875,0.00,0.0365625,0.056875,0.00,0.00,0.00,0.00,0.00
0.3125,5.8125,0.00,0.0365625,0.058125,0.00,0.00,0.00,0.00,0.00
0.3125,5.9375,0.00,0.0365625,0.059375,0.00,0.00,0.00,0.00,0.00
0.3125,6.0625,0.00,0.0365625,0.060625,0.00,0.00,0.00,0.00,0.00
0.3125,6.1875,0.00,0.0365625,0.061875,0.00,0.00,0.00,0.00,0.00
0.3125,6.3125,0.00,0.0365625,0.063125,0.00,0.00,0.00,0.00,0.00
0.3125,6.4375,0.00,0.0365625,0.064375,0.00,0.00,0.00,0.00,0.00
0.3125,6.5625,0.00,0.0365625,0.065625,0.00,0.00,0.00,0.00,0.00
0.3125,6.6875,0.00,0.0365625,0.066875,0.00,0.00,0.00,0.00,0.00
0.3125,6.8125,0.00,0.0365625,0.068125,0.00,0.00,0.00,0.00,0.00
0.3125,6.9375,0.00,0.0365625,0.069375,0.00,0.00,0.00,0.00,0.00
0.3125,7.0625,0.00,0.0365625,0.070625,0.00,0.00,0.00,0.00,0.00
0.3125,7.1875,0.00,0.0365625,0.071875,0.00,0.00,0.00,0.00,0.00
0.3125,7.3125,0.00,0.0365625,0.073125,0.00,0.00,0.00,0.00,0.00
0.3125,7.4375,0.00,0.0365625,0.074375,0.00,0.00,0.00,0.00,0.00
0.3125,7.5625,0.00,0.0365625,0.075625,0.00,0.00,0.00,0.00,0.00
0.3125,7.6875,0.00,0.0365625,0.076875,0.00,0.00,0.00,0.00,0.00
0.3125,7.8125,0.00,0.0365625,0.078125,0.00,0.00,0.00,0.00,0.00
0.3125,7.9375,0.00,0.0365625,0.079375,0.00,0.00,0.00,0.00,0.00
0.3125,8.0625,0.00,0.0365625,0.080625,0.00,0.00,0.00,0.00,0.00
0.3125,8.1875,0.00,0.0365625,0.081875,0.00,0.00,0.00,0.00,0.00
0.3125,8.3125,0.00,0.0365625,0.083125,0.00,0.00,0.00,0.00,0.00
0.3125,8.4375,0.00,0.0365625,0.084375,0.00,0.00,0.00,0.00,0.00
0.3125,8.5625,0.00,0.0365625,0.085625,0.00,0.00,0.00,0.00,0.00
0.3125,8.6875,0.00,0.0365625,0.086875,0.00,0.00,0.00,0.00,0.00
0.3125,8.8125,0.00,0.0365625,0.088125,0.00,0.00,0.00,0.00,0.00
0.3125,8.9375,0.00,0.0365625,0.089375,0.00,0.00,0.00,0.00,0.00
0.3125,9.0625,0.00,0.0365625,0.090625,0.00,0.00,0.00,0.00,0.00
0.3125,9.1875,0.00,0.0365625,0.091875,0.00,0.00,0.00,0.00,0.00
0.3125,9.3125,0.00,0.0365625,0.093125,0.00,0.00,0.00,0.00,0.00
0.3125,9.4375,0.00,0.0365625,0.094375,0.00,0.00,0.00,0.00,0.00
0.3125,9.5625,0.00,0.0365625,0.095625,0.00,0.00,0.00,0.00,0.00
0.3125,9.6875,0.00,0.0365625,0.096875,0.00,0.00,0.00,0.00,0.00
0.3125,9.8125,0.00,0.0365625,0.098125,0.00,0.00,0.00,0.00,0.00
0.3125,9.9375,0.00,0.0365625,0.099375,0.00,0.00,0.00,0.00,0.00
0.3125,10.0625,0.00,0.0365625,0.100625,0.00,0.00,0.00,0.00,0.00
0.3125,10.1875,0.00,0.0365625,0.101875,0.00,0.00,0.00,0.00,0.00
0.3125,10.3125,0.00,0.0365625,0.103125,0.00,0.00,0.00,0.00,0.00
0.3125,10.4375,0.00,0.0365625,0.104375,0.00,0.00,0.00,0.00,0.00
0.3125,10.5625,0.00,0.0365625,0.105625,0.00,0.00,0.00,0.00,0.00
0.3125,10.6875,0.00,0.0365625,0.106875,0.00,0.00,0.00,0.00,0.00
0.3125,10.8125,0.00,0.0365625,0.108125,0.00,0.00,0.00,0.00,0.00
0.3125,10.9375,0.00,0.0365625,0.109375,0.00,0.00,0.00,0.00,0.00
0.3125,11.0625,0.00,0.0365625,0.110625,0.00,0.00,0.00,0.00,0.00
0.3125,11.1875,0.00,0.0365625,0.111875,0.00,0.00,0.00,0.00,0.00
0.3125,11.3125,0.00,0.0365625,0.113125,0.00,0.00,0.00,0.00,0.00
0.3125,11.4375,0.00,0.0365625,0.114375,0.00,0.00,0.00,0.00,0.00
0.3125,11.5625,0.00,0.0365625,0.115625,0.00,0.00,0.00,0.00,0.00
0.3125,11.6875,0.00,0.0365625,0.116875,0.00,0.00,0.00,0.00,0.00
0.3125,11.8125,0.00,0.0365625,0.118125,0.00,0.00,0.00,0.00,0.00
0.3125,11.9375,0.00,0.0365625,0.119375,0.00,0.00,0.00,0.00,0.00
0.3125,12.0625,0.00,0.0365625,0.120625,0.00,0.00,0.00,0.00,0.00
0.3125,12.1875,0.00,0.0365625,0.121875,0.00,0.00,0.00,0.00,0.00
0.3125,12.3125,0.00,0.0365625,0.123125,0.00,0.00,0.00,0.00,0.00
0.3125,12.4375,0.00,0.0365625,0.124375,0.00,0.00,0.00,0.00,0.00
0.3125,12.5625,0.00,0.0365625,0.125625,0.00,0.00,0.00,0.00,0.00
0.3125,12.6875,0.00,0.0365625,0.126875,0.00,0.00,0.00,0.00,0.00
0.3125,12.8125,0.00,0.0365625,0.128125,0.00,0.00,0.00,0.00,0.00
0.3125,12.9375,0.00,0.0365625,0.129375,0.00,0.00,0.00,0.00,0.00
0.3125,13.0625,0.00,0.0365625,0.130625,0.00,0.00,0.00,0.00,0.00
0.3125,13.1875,0.00,0.0365625,0.131875,0.00,0.00,0.00,0.00,0.00
0.3125,13.3125,0.00,0.0365625,0.133125,0.00,0.00,0.00,0.00,0.00
0.3125,13.4375,0.00,0.0365625,0.134375,0.00,0.00,0.00,0.00,0.00
0.3125,13.5625,0.00,0.0365625,0.135625,0.00,0.00,0.00,0.00,0.00
0.3125,13.6875,0.00,0.0365625,0.136875,0.00,0.00,0.00,0.00,0.00
0.3125,13.8125,0.00,0.0365625,0.138125,0.00,0.00,0.00,0.00,0.00
0.3125,13.9375,0.00,0.0365625,0.139375,0.00,0.00,0.00,0.00,0.00
0.3125,14.0625,0.00,0.0365625,0.140625,0.00,0.00,0.00,0.00,0.00
0.3125,14.1875,0.00,0.0365625,0.141875,0.00,0.00,0.00,0.00,0.00
0.3125,14.3125,0.00,0.0365625,0.143125,0.00,0.00,0.00,0.00,0.00
0.3125,14.4375,0.00,0.0365625,0.144375,0.00,0.00,0.00,0.00,0.00
0.3125,14.5625,0.00,0.0365625,0.145625,0.00,0.00,0.00,0.00,0.00
0.3125,14.6875,0.00,0.0365625,0.146875,0.00,0.00,0.00,0.00,0.00
0.3125,14.8125,0.00,0.0365625,0.148125,0.00,0.00,0.00,0.00,0.00
0.3125,14.9375,0.00,0.0365625,0.149375,0.00,0.00,0.00,0.00,0.00
0.3125,15.0625,0.00,0.0365625,0.150625,0.00,0.00,0.00,0.00,0.00
0.3125,15.1875,0.00,0.0365625,0.151875,0.00,0.00,0.00,0.00,0.00
0.3125,15.3125,0.00,0.0365625,0.153125,0.00,0.00,0.00,0.00,0.00
0.3125,15.4375,0.00,0.0365625,0.154375,0.00,0.00,0.00,0.00,0.00
0.3125,15.5625,0.00,0.0365625,0.155625,0.00,0.00,0.00,0.00,0.00
0.3125,15.6875,0.00,0.0365625,0.156875,0.00,0.00,0.00,0.00,0.00
0.3125,15.8125,0.00,0.0365625,0.158125,0.00,0.00,0.00,0.00,0.00
0.3125,15.9375,0.00,0.0365625,0.159375,0.00,0.00,0.00,0.00,0.00
0.3125,16.0625,0.00,0.0365625,0.160625,0.00,0.00,0.00,0.00,0.00
0.3125,16.1875,0.00,0.0365625,0.161875,0.00,0.00,0.00,0.00,0.00
0.3125,16.3125,0.00,0.0365625,0.163125,0.00,0.00,0.00,0.00,0.00
0.3125,16.4375,0.00,0.0365625,0.164375,0.00,0.00,0.00,0.00,0.00
0.3125,16.5625,0.00,0.0365625,0.165625,0.00,0.00,0.00,0.00,0.00
0.3125,16.6875,0.00,0.0365625,0.166875,0.00,0.00,0.00,0.00,0.00
0.3125,16.8125,0.00,0.0365625,0.168125,0.00,0.00,0.00,0.00,0.00
0.3125,16.9375,0.00,0.0365625,0.169375,0.00,0.00,0.00,0.00,0.00
0.3125,17.0625,0.00,0.0365625,0.170625,0.00,0.00,0.00,0.00,0.00
0.3125,17.1875,0.00,0.0365625,0.171875,0.00,0.00,0.00,0.00,0.00
0.3125,17.3125,0.00,0.0365625,0.173125,0.00,0.00,0.00,0.00,0.00
0.3125,17.4375,0.00,0.0365625,0.174375,0.00,0.00,0.00,0.00,0.00
0.3125,17.5625,0.00,0.0365625,0.175625,0.00,0.00,0.00,0.00,0.00
0.3125,17.6875,0.00,0.0365625,0.176875,0.00,0.00,0.00,0.00,0.00
0.3125,17.8125,0.00,0.0365625,0.178125,0.00,0.00,0.00,0.00,0.00
0.3125,17.9375,0.00,0.0365625,0.179375,0.00,0.00,0.00,0.00,0.00
0.3125,18.0625,0.00,0.0365625,0.180625,0.00,0.00,0.00,0.00,0.00
0.3125,18.1875,0.00,0.0365625,0.181875,0.00,0.00,0.00,0.00,0.00
0.3125,18.3125,0.00,0.0365625,0.183125,0.00,0.00,0.00,0.00,0.00
0.3125,18.4375,0.00,0.0365625,0.184375,0.00,0.00,0.00,0.00,0.00
0.3125,18.5625,0.00,0.0365625,0.185625,0.00,0.00,0.00,0.00,0.00
0.3125,18.6875,0.00,0.0365625,0.186875,0.00,0.00,0.00,0.00,0.00
0.3125,18.8125,0.00,0.0365625,0.188125,0.00,0.00,0.00,0.00,0.00
0.3125,18.9375,0.00,0.0365625,0.189375,0.00,0.00,0.00,0.00,0.00
0.3125,19.0625,0.00,0.0365625,0.190625,0.00,0.00,0.00,0.00,0.00
0.3125,19.1875,0.00,0.0365625,0.191875,0.00,0.00,0.00,0.00,0.00
0.3125,19.3125,0.00,0.0365625,0.193125,0.00,0.00,0.00,0.00,0.00
0.3125,19.4375,0.00,0.0365625,0.194375,0.00,0.00,0.00,0.00,0.00
0.3125,19.5625,0.00,0.0365625,0.195625,0.00,0.00,0.00,0.00,0.00
0.3125,19.6875,0.00,0.0365625,0.196875,0.00,0.00,0.00,0.00,0.00
0.3125,19.8125,0.00,0.0365625,0.198125,0.00,0.00,0.00,0.00,0.00
0.3125,19.9375,0.00,0.0365625,0.199375,0.00,0.00,0.00,0.00,0.00
0.3125,20.0625,0.00,0.0365625,0.200625,0.00,0.00,0.00,0.00,0.00
0.3125,20.1875,0.00,0.0365625,0.201875,0.00,0.00,0.00,0.00,0.00
0.3125,20.3125,0.00,0.0365625,0.203125,0.00,0.00,0.00,0.00,0.00
0.3125,20.4375,0.00,0.0365625,0.204375,0.00,0.00,0.00,0.00,0.00
0.3125,20.5625,0.00,0.0365625,0.205625,0.00,0.00,0.00,0.00,0.00
0.3125,20.6875,0.00,0.0365625,0.206875,0.00,0.00,0.00,0.00,0.00
0.3125,20.8125,0.00,0.0365625,0.208125,0.00,0.00,0.00,0.00,0.00
0.3125,20.9375,0.00,0.0365625,0.209375,0.00,0.00,0.00,0.00,0.00
0.3125,21.0625,0.00,0.0365625,0.210625,0.00,0.00,0.00,0.00,0.00
0.3125,21.1875,0.00,0.0365625,0.211875,0.00,0.00,0.00,0.00,0.00
0.3125,21.3125,0.00,0.0365625,0.213125,0.00,0.00,0.00,0.00,0.00
0.3125,21.4375,0.00,0.0365625,0.214375,0.00,0.00,0.00,0.00,0.00
0.3125,21.5625,0.00,0.0365625,0.215625,0.00,0.00,0.00,0.00,0.00
0.3125,21.6875,0.00,0.0365625,0.216875,0.00,0.00,0.00,0.00,0.00
0.3125,21.8125,0.00,0.0365625,0.218125,0.00,0.00,0.00,0.00,0.00
0.3125,21.9375,0.00,0.0365625,0.219375,0.00,0.00,0.00,0.00,0.00
0.3125,22.0625,0.00,0.0365625,0.220625,0.00,0.00,0.00,0.00,0.00
0.3125,22.1875,0.00,0.0365625,0.221875,0.00,0.00,0.00,0.00,0.00
0.3125,22.3125,0.00,0.0365625,0.223125,0.00,0.00,0.00,0.00,0.00
0.3125,22.4375,0.00,0.0365625,0.224375,0.00,0.00,0.00,0.00,0.00
0.3125,22.5625,0.00,0.0365625,0.225625,0.00,0.00,0.00,0.00,0.00
0.3125,22.6875,0.00,0.0365625,0.226875,0.00,0.00,0.00,0.00,0.00
0.3125,22.8125,0.00,0.0365625,0.228125,0.00,0.00,0.00,0.00,0.00
0.3125,22.9375,0.00,0.0365625,0.229375,0.00,0.00,0.00,0.00,0.00
0.3125,23.0625,0.00,0.0365625,0.230625,0.00,0.00,0.00,0.00,0.00
0.3125,23.1875,0.00,0.0365625,0.231875,0.00,0.00,0.00,0.00,0.00
0.3125,23.3125,0.00,0.0365625,0.233125,0.00,0.00,0.00,0.00,0.00
0.3125,23.4375,0.00,0.0365625,0.234375,0.00,0.00,0.00,0.00,0.00
0.3125,23.5625,0.00,0.0365625,0.235625,0.00,0.00,0.00,0.00,0.00
0.3125,23.6875,0.00,0.0365625,0.236875,0.00,0.00,0.00,0.00,0.00
0.3125,23.8125,0.00,0.0365625,0.238125,0.00,0.00,0.00,0.00,0.00
0.3125,23.9375,0.00,0.0365625,0.239375,0.00,0.00,0.00,0.00,0.00
0.3125,24.0625,0.00,0.0365625,0.240625,0.00,0.00,0.00,0.00,0.00
0.3125,24.1875,0.00,0.0365625,0.241875,0.00,0.00,0.00,0.00,0.00
0.3125,24.3125,0.00,0.0365625,0.243125,0.00,0.00,0.00,0.00,0.00
0.3125,24.4375,0.00,0.0365625,0.244375,0.00,0.00,0.00,0.00,0.00
0.3125,24.5625,0.00,0.0365625,0.245625,0.00,0.00,0.00,0.00,0.00
0.3125,24.6875,0.00,0.0365625,0.246875,0.00,0.00,0.00,0.00,0.00
0.3125,24.8125,0.00,0.0365625,0.248125,0.00,0.00,0.00,0.00,0.00
0.3125,24.9375,0.00,0.0365625,0.249375,0.00,0.00,0.00,0.00,0.00
0.3125,25.0625,0.00,0.0365625,0.250625,0.00,0.00,0.00,0.00,0.00
0.3125,25.1875,0.00,0.0365625,0.251875,0.00,0.00,0.00,0.00,0.00
0.3125,25.3125,0.00,0.0365625,0.253125,0.00,0.00,0.00,0.00,0.00
0.3125,25.4375,0.00,0.0365625,0.254375,0.00,0.00,0.00,0.00,0.00
0.3125,25.5625,0.00,0.0365625,0.255625,0.00,0.00,0.00,0.00,0.00
0.3125,25.6875,0.00,0.0365625,0.256875,0.00,0.00,0.00,0.00,0.00
0.3125,25.8125,0.00,0.0365625,0.258125,0.00,0.00,0.00,0.00,0.00
0.3125,25.9375,0.00,0.0365625,0.259375,0.00,0.00,0.00,0.00,0.00
0.3125,26.0625,0.00,0.0365625,0.260625,0.00,0.00,0.00,0.00,0.00
0.3125,26.1875,0.00,0.0365625,0.261875,0.00,0.00,0.00,0.00,0.00
0.3125,26.3125,0.00,0.0365625,0.263125,0.00,0.00,0.00,0.00,0.00
0.3125,26.4375,0.00,0.0365625,0.264375,0.00,0.00,0.00,0.00,0.00
0.3125,26.5625,0.00,0.0365625,0.265625,0.00,0.00,0.00,0.00,0.00
0.3125,26.6875,0.00,0.0365625,0.266875,0.00,0.00,0.00,0.00,0.00
0.3125,26.8125,0.00,0.0365625,0.268125,0.00,0.00,0.00,0.00,0.00
0.3125,26.9375,0.00,0.0365625,0.269375,0.00,0.00,0.00,0.00,0.00
0.3125,27.0625,0.00,0.0365625,0.270625,0.00,0.00,0.00,0.00,0.00
0.3125,27.1875,0.00,0.0365625,0.271875,0.00,0.00,0.00,0.00,0.00
0.3125,27.3125,0.00,0.0365625,0.273125,0.00,0.00,0.00,0.00,0.00
0.3125,27.4375,0.00,0.0365625,0.274375,0.00,0.00,0.00,0.00,0.00
0.3125,27.5625,0.00,0.0365625,0.275625,0.00,0.00,0.00,0.00,0.00
0.3125,27.6875,0.00,0.0365625,0.276875,0.00,0.00,0.00,0.00,0.00
0.3125,27.8125,0.00,0.0365625,0.278125,0.00,0.00,0.00,0.00,0.00
0.3125,27.9375,0.00,0.0365625,0.279375,0.00,0.00,0.00,0.00,0.00
0.3125,28.0625,0.00,0.0365625,0.280625,0.00,0.00,0.00,0.00,0.00
0.3125,28.1875,0.00,0.0365625,0.281875,0.00,0.00,0.00,0.00,0.00
0.3125,28.3125,0.00,0.0365625,0.283125,0.00,0.00,0.00,0.00,0.00
0.3125,28.4375,0.00,0.0365625,0.284375,0.00,0.00,0.00,0.00,0.00
0.3125,28.5625,0.00,0.0365625,0.285625,0.00,0.00,0.00,0.00,0.00
0.3125,28.6875,0.00,0.0365625,0.286875,0.00,0.00,0.00,0.00,0.00
0.3125,28.8125,0.00,0.0365625,0.288125,0.00,0.00,0.00,0.00,0.00
0.3125,28.9375,0.00,0.0365625,0.289375,0.00,0.00,0.00,0.00,0.00
0.3125,29.0625,0.00,0.0365625,0.290625,0.00,0.00,0.00,0.00,0.00
0.3125,29.1875,0.00,0.0365625,0.291875,0.00,0.00,0.00,0.00,0.00
0.3125,29.3125,0.00,0.0365625,0.293125,0.00,0.00,0.00,0.00,0.00
0.3125,29.4375,0.00,0.0365625,0.294375,0.00,0.00,0.00,0.00,0.00
0.3125,29.5625,0.00,0.0365625,0.295625,0.00,0.00,0.00,0.00,0.00
0.3125,29.6875,0.00,0.0365625,0.296875,0.00,0.00,0.00,0.00,0.00
0.3125,29.8125,0.00,0.0365625,0.298125,0.00,0.00,0.00,0.00,0.00
0.3125,29.9375,0.00,0.0365625,0.299375,0.00,0.00,0.00,0.00,0.00
0.3125,30.0625,0.00,0.0365625,0.300625,0.00,0.00,0.00,0.00,0.00
0.3125,30.1875,0.00,0.0365625,0.301875,0.00,0.00,0.00,0.00,0.00
0.3125,30.3125,0.00,0.0365625,0.303125,0.00,0.00,0.00,0.00,0.00
0.3125,30.4375,0.00,0.0365625,0.304375,0.00,0.00,0.00,0.00,0.00
0.3125,30.5625,0.00,0.0365625,0.305625,0.00,0.00,0.00,0.00,0.00
0.3125,30.6875,0.00,0.0365625,0.306875,0.00,0.00,0.00,0.00,0.00
0.3125,30.8125,0.00,0.0365625,0.308125,0.00,0.00,0.00,0.00,0.00
0.3125,30.9375,0.00,0.0365625,0.309375,0.00,0.00,0.00,0.00,0.00
0.3125,31.0625,0.00,0.0365625,0.310625,0.00,0.00,0.00,0.00,0.00
0.3125,31.1875,0.00,0.0365625,0.311875,0.00,0.00,0.00,0.00,0.00
0.3125,31.3125,0.00,0.0365625,0.313125,0.00,0.00,0.00,0.00,0.00
0.3125,31.4375,0.00,0.0365625,0.314375,0.00,0.00,0.00,0.00,0.00
0.3125,31.5625,0.00,0.0365625,0.315625,0.00,0.00,0.00,0.00,0.00
0.3125,31.6875,0.00,0.0365625,0.316875,0.00,0.00,0.00,0.00,0.00
0.3125,31.8125,0.00,0.0365625,0.318125,0.00,0.00,0.00,0.00,0.00
0.3125,31.9375,0.00,0.0365625,0.319375,0.00,0.00,0.00,0.00,0.00
0.3125,32.0625,0.00,0.0365625,0.320625,0.00,0.00,0.00,0.00,0.00
0.3125,32.1875,0.00,0.0365625,0.321875,0.00,0.00,0.00,0.00,0.00
0.3125,32.3125,0.00,0.0365625,0.323125,0.00,0.00,0.00,0.00,0.00
0.3125,32.4375,0.00,0.0365625,0.324375,0.00,0.00,0.00,0.00,0.00
0.3125,32.5625,0.00,0.0365625,0.325625,0.00,0.00,0.00,0.00,0.00
0.3125,32.6875,0.00,0.0365625,0.326875,0.00,0.00,0.00,0.00,0.00
0.3125,32.8125,0.00,0.0365625,0.328125,0.00,0.00,0.00,0.00,0.00
0.3125,32.9375,0.00,0.0365625,0.329375,0.00,0.00,0.00,0.00,0.00
0.3125,33.0625,0.00,0.0365625,0.330625,0.00,0.00,0.00,0.00,0.00
0.3125,33.1875,0.00,0.0365625,0.331875,0.00,0.00,0.00,0.00,0.00
0.3125,33.3125,0.00,0.0365625,0.333125,0.00,0.00,0.00,0.00,0.00
0.3125,33.4375,0.00,0.0365625,0.334375,0.00,0.00,0.00,0.00,0.00
0.3125,33.5625,0.00,0.0365625,0.335625,0.00,0.00,0.00,0.00,0.00
0.3125,33.6875,0.00,0.0365625,0.336875,0.00,0.00,0.00,0.00,0.00
0.3125,33.8125,0.00,0.0365625,0.338125,0.00,0.00,0.00,0.00,0.00
0.3125,33.9375,0.00,0.0365625,0.339375,0.00,0.00,0.00,0.00,0.00
0.3125,34.0625,0.00,0.0365625,0.340625,0.00,0.00,0.00,0.00,0.00
0.3125,34.1875,0.00,0.0365625,0.341875,0.00,0.00,0.00,0.00,0.00
0.3125,34.3125,0.00,0.0365625,0.343125,0.00,0.00,0.00,0.00,0.00
0.3125,34.4375,0.00,0.0365625,0.344375,0.00,0.00,0.00,0.00,0.00
0.3125,34.5625,0.00,0.0365625,0.345625,0.00,0.00,0.00,0.00,0.00
0.3125,34.6875,0.00,0.0365625,0.346875,0.00,0.00,0.00,0.00,0.00
0.3125,34.8125,0.00,0.0365625,0.348125,0.00,0.00,0.00,0.00,0.00
0.3125,34.9375,0.00,0.0365625,0.349375,0.00,0.00,0.00,0.00,0.00
0.3125,35.0625,0.00,0.0365625,0.350625,0.00,0.00,0.00,0.00,0.00
0.3125,35.1875,0.00,0.0365625,0.351875,0.00,0.00,0.00,0.00,0.00
0.3125,35.3125,0.00,0.0365625,0.353125,0.00,0.00,0.00,0.00,0.00
0.3125,35.4375,0.00,0.0365625,0.354375,0.00,0.00,0.00,0.00,0.00
0.3125,35.5625,0.00,0.0365625,0.355625,0.00,0.00,0.00,0.00,0.00
0.3125,35.6875,0.00,0.0365625,0.356875,0.00,0.00,0.00,0.00,0.00
0.3125,35.8125,0.00,0.0365625,0.358125,0.00,0.00,0.00,0.00,0.00
0.3125,35.9375,0.00,0.0365625,0.359375,0.00,0.00,0.00,0.00,0.00
0.3125,36.0625,0.00,0.0365625,0.360625,0.00,0.00,0.00,0.00,0.00
0.3125,36.1875,0.00,0.0365625,0.361875,0.00,0.00,0.00,0.00,0.00
0.3125,36.3125,0.00,0.0365625,0.363125,0.00,0.00,0.00,0.00,0.00
0.3125,36.4375,0.00,0.0365625,0.364375,0.00,0.00,0.00,0.00,0.00
0.3125,36.5625,0.00,0.0365625,0.365625,0.00,0.00,0.00,0.00,0.00
0.3125,36.6875,0.00,0.0365625,0.366875,0.00,0.00,0.00,0.00,0.00
0.3125,36.8125,0.00,0.0365625,0.368125,0.00,0.00,0.00,0.00,0.00
0.3125,36.9375,0.00,0.0365625,0.369375,0.00,0.00,0.00,0.00,0.00
0.3125,37.0625,0.00,0.0365625,0.370625,0.00,0.00,0.00,0.00,0.00
0.3125,37.1875,0.00,0.0365625,0.371875,0.00,0.00,0.00,0.00,0.00
0.3125,37.3125,0.00,0.0365625,0.373125,0.00,0.00,0.00,0.00,0.00
0.3125,37.4375,0.00,0.0365625,0.374375,0.00,0.00,0.00,0.00,0.00
0.3125,37.5625,0.00,0.0365625,0.375625,0.00,0.00,0.00,0.00,0.00
0.3125,37.6875,0.00,0.0365625,0.376875,0.00,0.00,0.00,0.00,0.00
0.3125,37.8125,0.00,0.0365625,0.378125,0.00,0.00,0.00,0.00,0.00
0.3125,37.9375,0.00,0.0365625,0.379375,0.00,0.00,0.00,0.00,0.00
0.3125,38.0625,0.00,0.0365625,0.380625,0.00,0.00,0.00,0.00,0.00
0.3125,38.1875,0.00,0.0365625,0.381875,0.00,0.00,0.00,0.00,0.00
0.3125,38.3125,0.00,0.0365625,0.383125,0.00,0.00,0.00,0.00,0.00
0.3125,38.4375,0.00,0.0365625,0.384375,0.00,0.00,0.00,0.00,0.00
0.3125,38.5625,0.00,0.0365625,0.385625,0.00,0.00,0.00,0.00,0.00
0.3125,38.6875,0.00,0.0365625,0.386875,0.00,0.00,0.00,0.00,0.00
0.3125,38.8125,0.00,0.0365625,0.388125,0.00,0.00,0.00,0.00,0.00
0.3125,38.9375,0.00,0.0365625,0.389375,0.00,0.00,0.00,0.00,0.00
0.3125,39.0625,0.00,0.0365625,0.390625,0.00,0.00,0.00,0.00,0.00
0.3125,39.1875,0.00,0.0365625,0.391875,0.00,0.00,0.00,0.00,0.00
0.3125,39.3125,0.00,0.0365625,0.393125,0.00,0.00,0.00,0.00,0.00
0.3125,39.4375,0.00,0.0365625,0.394375,0.00,0.00,0.00,0.00,0.00
0.3125,39.5625,0.00,0.0365625,0.395625,0.00,0.00,0.00,0.00,0.00
0.3125,39.6875,0.00,0.0365625,0.396875,0.00,0.00,0.00,0.00,0.00
0.3125,39.8125,0.00,0.0365625,0.398125,0.00,0.00,0.00,0.00,0.00
0.3125,39.9375,0.00,0.0365625,0.399375,0.00,0.00,0.00,0.00,0.00
0.3125,40.0625,0.00,0.0365625,0.400625,0.00,0.00,0.00,0.00,0.00
0.3125,40.1875,0.00,0.0365625,0.401875,0.00,0.00,0.00,0.00,0.00
0.3125,40.3125,0.00,0.0365625,0.403125,0.00,0.00,0.00,0.00,0.00
0.3125,40.4375,0.00,0.0365625,0.404375,0.00,0.00,0.00,0.00,0.00
0.3125,40.5625,0.00,0.0365625,0.405625,0.00,0.00,0.00,0.00,0.00
0.3125,40.6875,0.00,0.0365625,0.406875,0.00,0.00,0.00,0.00,0.00
0.3125,40.8125,0.00,0.0365625,0.408125,0.00,0.00,0.00,0.00,0.00
0.3125,40.9375,0.00,0.0365625,0.409375,0.00,0.00,0.00,0.00,0.00
0.3125,41.0625,0.00,0.0365625,0.410625,0.00,0.00,0.00,0.00,0.00
0.3125,41.1875,0.00,0.0365625,0.411875,0.00,0.00,0.00,0.00,0.00
0.3125,41.3125,0.00,0.0365625,0.413125,0.00,0.00,0.00,0.00,0.00
0.3125,41.4375,0.00,0.0365625,0.414375,0.00,0.00,0.00,0.00,0.00
0.3125,41.5625,0.00,0.0365625,0.415625,0.00,0.00,0.00,0.00,0.00
0.3125,41.6875,0.00,0.0365625,0.416875,0.00,0.00,0.00,0.00,0.00
0.3125,41.8125,0.00,0.0365625,0.418125,0.00,0.00,0.00,0.00,0.00
0.3125,41.9375,0.00,0.0365625,0.419375,0.00,0.00,0.00,0.00,0.00
0.3125,42.0625,0.00,0.0365625,0.420625,0.00,0.00,0.00,0.00,0.00
0.3125,42.1875,0.00,0.0365625,0.421875,0.00,0.00,0.00,0.00,0.00
0.3125,42.3125,0.00,0.0365625,0.423125,0.00,0.00,0.00,0.00,0.00
0.3125,42.4375,0.00,0.0365625,0.424375,0.00,0.00,0.00,0.00,0.00
0.3125,42.5625,0.00,0.0365625,0.425625,0.00,0.00,0.00,0.00,0.00
0.3125,42.6875,0.00,0.0365625,0.426875,0.00,0.00,0.00,0.00,0.00
0.3125,42.8125,0.00,0.0365625,0.428125,0.00,0.00,0.00,0.00,0.00
0.3125,42.9375,0.00,0.0365625,0.429375,0.00,0.00,0.00,0.00,0.00
0.3125,43.0625,0.00,0.0365625,0.430625,0.00,0.00,0.00,0.00,0.00
0.3125,43.1875,0.00,0.0365625,0.431875,0.00,0.00,0.00,0.00,0.00
0.3125,43.3125,0.00,0.0365625,0.433125,0.00,0.00,0.00,0.00,0.00
0.3125,43.4375,0.00,0.0365625,0.434375,0.00,0.00,0.00,0.00,0.00
0.3125,43.5625,0.00,0.0365625,0.435625,0.00,0.00,0.00,0.00,0.00
0.3125,43.6875,0.00,0.0365625,0.436875,0.00,0.00,0.00,0.00,0.00
0.3125,43.8125,0.00,0.0365625,0.438125,0.00,0.00,0.00,0.00,0.00
0.3125,43.9375,0.00,0.0365625,0.439375,0.00,0.00,0.00,0.00,0.00
0.3125,44.0625,0.00,0.0365625,0.440625,0.00,0.00,0.00,0.00,0.00
0.3125,44.1875,0.00,0.0365625,0.441875,0.00,0.00,0.00,0.00,0.00
0.3125,44.3125,0.00,0.0365625,0.443125,0.00,0.00,0.00,0.00,0.00
0.3125,44.4375,0.00,0.0365625,0.444375,0.00,0.00,0.00,0.00,0.00
0.3125,44.5625,0.00,0.0365625,0.445625,0.00,0.00,0.00,0.00,0.00
0.3125,44.6875,0.00,0.0365625,0.446875,0.00,0.00,0.00,0.00,0.00
0.3125,44.8125,0.00,0.0365625,0.448125,0.00,0.00,0.00,0.00,0.00
0.3125,44.9375,0.00,0.0365625,0.449375,0.00,0.00,0.00,0.00,0.00
0.3125,45.0625,0.00,0.0365625,0.450625,0.00,0.00,0.00,0.00,0.00
0.3125,45.1875,0.00,0.0365625,0.451875,0.00,0.00,0.00,0.00,0.00
0.3125,45.3125,0.00,0.0365625,0.453125,0.00,0.00,0.00,0.00,0.00
0.3125,45.4375,0.00,0.0365625,0.454375,0.00,0.00,0.00,0.00,0.00
0.3125,45.5625,0.00,0.0365625,0.455625,0.00,0.00,0.00,0.00,0.00
0.3125,45.6875,0.00,0.0365625,0.456875,0.00,0.00,0.00,0.00,0.00
0.3125,45.8125,0.00,0.0365625,0.458125,0.00,0.00,0.00,0.00,0.00
0.3125,45.9375,0.00,0.0365625,0.459375,0.00,0.00,0.00,0.00,0.00
0.3125,46.0625,0.00,0.0365625,0.460625,0.00,0.00,0.00,0.00,0.00
0.3125,46.1875,0.00,0.0365625,0.461875,0.00,0.00,0.00,0.00,0.00
0.3125,46.3125,0.00,0.0365625,0.463125,0.00,0.00,0.00,0.00,0.00
0.3125,46.4375,0.00,0.0365625,0.464375,0.00,0.00,0.00,0.00,0.00
0.3125,46.5625,0.00,0.0365625,0.465625,0.00,0.00,0.00,0.00,0.00
0.3125,46.6875,0.00,0.0365625,0.466875,0.00,0.00,0.00,0.00,0.00
0.3125,46.8125,0.00,0.0365625,0.468125,0.00,0.00,0.00,0.00,0.00
0.3125,46.9375,0.00,0.0365625,0.469375,0.00,0.00,0.00,0.00,0.00
0.3125,47.0625,0.00,0.0365625,0.470625,0.00,0.00,0.00,0.00,0.00
0.3125,47.1875,0.00,0.0365625,0.471875,0.00,0.00,0.00,0.00,0.00
0.3125,47.3125,0.00,0.0365625,0.473125,0.00,0.00,0.00,0.00,0.00
0.3125,47.4375,0.00,0.0365625,0.474375,0.00,0.00,0.00,0.00,0.00
0.3125,47.5625,0.00,0.0365625,0.475625,0.00,0.00,0.00,0.00,0.00
0.3125,47.6875,0.00,0.0365625,0.476875,0.00,0.00,0.00,0.00,0.00
0.3125,47.8125,0.00,0.0365625,0.478125,0.00,0.00,0.00,0.00,0.00
0.3125,47.9375,0.00,0.0365625,0.479375,0.00,0.00,0.00,0.00,0.00
0.3125,48.0625,0.00,0.0365625,0.480625,0.00,0.00,0.00,0.00,0.00
0.3125,48.1875,0.00,0.0365625,0.481875,0.00,0.00,0.00,0.00,0.00
0.3125,48.3125,0.00,0.0365625,0.483125,0.00,0.00,0.00,0.00,0.00
0.3125,48.4375,0.00,0.0365625,0.484375,0.00,0.00,0.00,0.00,0.00
0.3125,48.5625,0.00,0.0365625,0.485625,0.00,0.00,0.00,0.00,0.00
0.3125,48.6875,0.00,0.0365625,0.486875,0.00,0.00,0.00,0.00,0.00
0.3125,48.8125,0.00,0.0365625,0.488125,0.00,0.00,0.00,0.00,0.00
0.3125,48.9375,0.00,0.0365625,0.489375,0.00,0.00,0.00,0.00,0.00
0.3125,49.0625,0.00,0.0365625,0.490625,0.00,0.00,0.00,0.00,0.00
0.3125,49.1875,0.00,0.0365625,0.491875,0.00,0.00,0.00,0.00,0.00
0.3125,49.3125,0.00,0.0365625,0.493125,0.00,0.00,0.00,0.00,0.00
0.3125,49.4375,0.00,0.0365625,0.494375,0.00,0.00,0.00,0.00,0.00
0.3125,49.5625,0.00,0.0365625,0.495625,0.00,0.00,0.00,0.00,0.00
0.3125,49.6875,0.00,0.0365625,0.496875,0.00,0.00,0.00,0.00,0.00
0.3125,49.8125,0.00,0.0365625,0.498125,0.00,0.00,0.00,0.00,0.00
0.3125,49.9375,0.00,0.0365625,0.499375,0.00,0.00,0.00,0.00,0.00
